text,label
Purnomo Serahkan Surat Mundur dari Pilkada  ke DPC PDIP Solo,0
Pemkot Bekasi Teken Aturan Tempat Hiburan Menuju New Normal,0
"New Normal 5 Juni, ASN Tak Mesti Berbondong-bondong ke Kantor",0
WHO Waspadai Banyak Kematian di Puncak Kedua Pandemi Corona,0
VIDEO: Trump Ancam Tutup Twitter,0
Hong Kong Peringatkan AS atas Konsekuensi Hapus Status Khusus,0
Telkom Donasi Bantuan Robot Disinfeksi untuk Atasi Covid-19,0
"Dihantam Corona, AirAsia Rumahkan 873 Pegawai",0
89 Proyek Senilai Rp1.422 T Direkomendasikan Masuk PSN,0
Presiden UFC: Mike Tyson Siapkan Petarungan Besar,1
Laga Penentuan Gelar Liverpool Berpeluang di Tempat Netral,0
"FOTO : Via Zoom, Cara Baru Suporter Denmark Menonton Laga",1
"Nissan Indonesia Tutup Pabrik, Produksi Mobil Listrik Batal",0
Menakar Kemampuan Kapal Perang China ala Xi Jinping,0
Pemilik Royal Enfield Keluhkan Mesin Bermasalah,0
Sinopsis Space Force yang Dibintangi Steve Carell-Lisa Kudrow,0
"Raih Rating Tinggi, Hospital Playlist Bersiap untuk Season 2",0
Sekuel Film Sonic the Hedgehog dalam Tahap Pengembangan,0
7 Tips Aman dan Bersih Mengolah Jamu di Rumah,2
Rumus Melawan Virus,2
Mengenal Zodiak Gemini dan Sifatnya yang Cerdas,0
Nasib Rossi di MotoGP Segera Ditentukan,0
Daftar Bocoran 38 Gim yang Bakal Muncul di PS5,1
"VIDEO: Minneapolis Membara, Tuntut Keadilan George Floyd",0
"Diteruskan ke Surabaya, Jepang Akan Ikut Garap Kereta Cepat",0
"Kasus Baru Corona di DKI Tak Lagi Tertinggi, Didominasi TKI",1
"Jumatan Masjid Al Barkah Bekasi, Barisan Salat Hingga di Luar",1
"Target Pendapatan DKI Jakarta Meleset Rp40,7 T karena Corona",0
135 Tenaga Medis Jatim Positif Terinfeksi Corona,1
Maklumat New Normal MUI: Jumatan Bisa Digelar di Zona Hijau,1
Anies Jamin Tak Putus Tenaga Kontrak DKI di Masa Corona,0
Manfaat Jambu Air Putih: Jaga Sistem Imun dan Cegah Infeksi,0
VIDEO: BI Gelontorkan Rp.200 T Untuk Beli SBN,0
VIDEO: Ratusan WNI Dari Afsel & Australia Tiba di Indonesia,0
5 Rekomendasi Drama Korea Terbaru Juni 2020,2
New Normal Corona AS dan Malapetaka dari Keangkuhan Warga,0
"Legowo Sukino, Lebaran Tanpa Anak Cucu: Yang Penting Sehat",0
"Masak Bareng Tetangga, Momen Guyub Lebaran di Tengah Corona",2
Sujud Husain Abdullah yang Mengubah American Football,0
"Amir Khan, Petinju Pejuang 'Wajah' Muslim Sejati",1
Frederic Kanoute dan Perilaku Islami di Lapangan Hijau,0
MUI Lapor Polisi soal Hoaks Imbau Jangan Percaya Rapid Test,0
Menggantungkan Hidup Petani dalam Sebongsang 'Donasi Sayur',0
"Masker Kaos Kaki, Tutorial Baru DIY Pelindung Wajah",2
FOTO:Parade Kostum Hiburan Di Tengah Pandemi Corona,2
"PSBB DKI dan Bodebek Sampai 4 Juni, Tangerang Bahas Hari Ini",0
Panduan New Normal dari Terawan,2
Der Klassiker di Tengah Pandemi,2
Idulfitri di Tengah Pandemi,2
Ngadu Bola Antar-Kampung,0
Babad Pentas Srimulat,0
"UU Minerba, Aturan Oligarkis di Era Milenial",0
Api Semangat Melawan Corona dari K-Olahraga,0
Memandang Status Legenda Tontowi Ahmad dengan Mata Terbuka,1
Corona dan Isu-isu yang Menghantui RI Sesudahnya,0
Gambaran Dahsyatnya Corona Menghantam Industri Penerbangan,2
"New Normal, Bank Mandiri Mulai Buka Kantor Cabang",1
Jokowi Putuskan Kereta Cepat JKT-BDG Nyambung ke Surabaya,0
Rumah Kontrakan Warga yang Baru Pulang Mudik di Jagakarsa Ditempel Stiker,0
Salat Jumat Saat PSBB Masih Berlaku,0
Polri: 103.961 Kendaraan Diputar Balik Selama Arus Mudik-Balik,0
Kondisi Terkini Proyek Tol Serpong-Cinere,0
"Setelah 8 Tahun Rugi, Krakatau Steel Akhirnya Cetak Laba Rp 1 T",0
"Petugas PLN Mulai Keliling Lagi, Masih Perlu Foto Meteran?",2
Layanan SIM-STNK Masih Ditutup hingga 29 Juni,0
PBB Kutuk Keras Pembunuhan George Floyd oleh Polisi AS,0
"Hari Terakhir Isi Sensus Penduduk Online, Begini Caranya",2
Pakai Masker di Rumah Bisa Kurangi Penyebaran Corona hingga 70 Persen,0
"Ancam Tutup Media Sosial, Trump Sebut Twitter Berpolitik",0
Unik! Warga Magetan Usir Pendatang dengan Meriam Bambu,2
Nikita Mirzani Siap Sambut Era New Normal,2
Blak-blakan Edisi Kangen Mal,2
"Pencinta Kopi, Ini 5 Tempat Beli Kopi Susu Satu Liter yang Hits",2
"Dibunuh Polisi AS, George Floyd Dikenal Sebagai Pria Besar Berhati Lembut",0
"685 Pasien Positif Corona Dirawat di RSD Wisma Atlet, 29 di RSD Pulau Galang",0
Seorang Karyawan Toserba di Ciamis Terkonfirmasi Positif COVID-19,0
NASA Tunda Peluncuran Roket SpaceX Elon Musk,0
"Orang Miskin RI Bakal Bertamabah karena Corona, Paling Banyak di Jawa",0
"Hamil Anak ke-5, Zaskia Mecca dan Hanung Sempat Ingin Gugurkan Kandungan",1
"Masjid Singapura Dibuka Lagi 2 Juni, Sediakan Tempat Salat Terbatas",0
TRANSMEDIA dan CT ARSA Foundation Galang Donasi Lawan Corona,0
"Pasangan Transgender Jadi Sorotan, Suami Lagi Hamil 8 Bulan",2
'Iron Man' Dapat Bonus Rp 11 Triliun dari Tesla,0
Dua Truk Penambang Pasir Terseret Banjir Lahar Hujan Gunung Semeru,0
"Jelang New Normal, Polda Sumut Siapkan Video Call Tahanan-Keluarga",0
Ai Weiwei Jual Masker Wajah Artsy Rp 733 Ribu untuk Galang Dana COVID-19,0
5.363 Kendaraan Dihalau Masuk ke Perbatasan Jabar Selama PSBB,0
"Cabut PSBB, Bukittinggi Buka Tempat Wisata",0
Ritel Jepang Babak Belur Dihantam Corona,0
"Promo Lebaran, Mobil-mobil Ini Didiskon Hingga Rp 100 Juta",2
"Pulang Mudik dari Tegal, 4 Warga Karantina Mandiri di Lenteng Agung",0
Juventus-Lazio: Persaingan Scudetto di Era New Normal,0
Chef Arab Masak Buaya Utuh hingga Curhat Ojol Antre Lama di Restoran,2
Viral Foto Haru Bocah 3 Tahun Ikut Ayahnya Kerja Antar Makanan,2
Galaxy Fold 2 Disebut Siap Meluncur Agustus 2020,1
Ini Kronologi Kasus dr A Divonis Lakukan Kekerasan Psikis ke Ortu Kandung,0
Semangat Pak Anang Mencari Nafkah di Usia Senja,1
"Kronologi Kematian George Floyd, Pria Kulit Hitam yang Dibunuh Polisi AS",0
"Usai 7 Juni, Check Point Pemeriksaan SIKM Ditarik Mundur ke Perbatasan DKI",0
Pecatan TNI Ruslan Buton Dibawa ke Bareskrim Polri,0
Podcast Tolak Miskin: New Normal Buat Siapa?,2
Lengkap! Tahap demi Tahap Pembukaan Mal Mulai Juni,2
"RI Perlu Waspada, Jangan Sampai Terseret ke Jurang Resesi!",2
Tolong Dibaca! Cara Lapor Meteran Listrik Lewat WA,2
Pengumuman! New Normal buat PNS Mulai 5 Juni,2
9.000 Ton Gula India Bakal Masuk Indonesia,0
"Indonesia & Korea Bikin Vaksin Corona, Uji Coba Juni",2
Mal Jadi Dibuka Lagi? Mendag: Juni Ini Pasti!,2
Duh! Jumlah Orang Miskin Akan Bertambah,2
"Katanya Ada Insentif buat Tenaga Medis, Kok Belum Cair?",2
"Direstui Jokowi, Kereta Cepat Bakal Bablas ke Surabaya",0
Erick Thohir Buka Rahasia Krakatau Steel Untung Rp 1 T,0
Bahaya di Balik Peserta BPJS Kesehatan Turun Kelas karena Iuran Naik,0
BI Ramal Pelemahan Ekonomi RI Berlanjut hingga Kuartal III,0
"Indonesia Dapat Pinjaman Rp 3,6 T dari Bank Dunia",0
Kemendag Temukan 4 Distributor Nakal yang Bikin Harga Gula Mahal,2
"Pembebasan Lahan Akses Bandara Blora Ditunda, Kenapa?",2
Lengkap! Begini Skema New Normal di Sektor Perdagangan,2
"WFH PNS Diperpanjang hingga 4 Juni, Nasib Proyek Kereta Cepat",1
"Sisa 22 Kabupaten Belum Salurkan BLT Dana Desa, Ini Daftarnya",2
Video Pernyataan Mendag Tegaskan Mal Dibuka Juni,0
"Juni, Indonesia-Korsel Uji Vaksin COVID-19",1
"Jelang New Normal, Ini Jurus Mendag Buka Aktivitas Perdagangan",2
Maskapai di AS Ramai-ramai PHK Karyawan,0
"Diperpanjang, Kerja dari Rumah PNS Lanjut Sampai 4 Juni",0
Wajah Baru Stasiun Tanah Abang Kece Abis,2
Penjelasan soal Rencana 500 Pekerja China Masuk RI,0
Mendag Pastikan Mal Dibuka Juni,0
Puji Syukur Erick Thohir Usai Sri Mulyani Bayar Utang ke BUMN,0
Erick Thohir Ungkap Rahasia Krakatau Steel Untung Rp 1 T,0
AirAsia Indonesia PHK dan Rumahkan 882 Karyawan Gara-gara Corona,0
"Ini Lho Jembatan Kereta Api Terpanjang di Indonesia, Penasaran?",2
Gaji Pegawai Bioskop CGV Dipotong 50% Imbas Corona,0
"3 Penyakit yang Biasa Muncul Saat Lebaran, Ini Cara Atasinya",2
"Masker Kain Vs Face Shield, Mana yang Lebih Ampuh Tangkal Corona?",2
"Cabin Fever, Gangguan yang Timbul karena Terlalu Lama di Rumah",0
Dokter Ingatkan Ancaman Kluster Baru Corona Jika Sekolah Buru-buru Dibuka,0
"Unik! Pakai APD Superhero di RS, Dokter Nyentrik di Bogor Ini Viral",2
Ini yang Akan Dialami Tubuh Jika Terlalu Lama 'Absen' Bercinta,2
5 Kebiasaan Sebelum Tidur Ini Bisa Bantu Turunkan Berat Badan,2
"Sudah Sembuh dari Virus Corona, Amankah untuk Langsung Berhubungan Seks?",2
Eksperimen Ini Simulasikan Persebaran Virus Corona dalam Ruangan,1
Aksi Veteran Inggris Bantu Sehatkan Mental Anak-anak saat Pandemi,2
Panduan Meracik Jamu Herbal dari BPOM untuk Tingkatkan Imunitas,2
Menikmati Pemandangan Alam Cemoro Sewu Saat Pandemi,2
Saran Ahli Gizi UNS Soal Tradisi Kupatan di Tengah Pandemi,2
"Pasien Corona yang Sembuh Tambah 252, Rekor Terbanyak dalam Sepekan",0
"Mengenal Ad5-nCov, Vaksin Corona untuk Antibodi COVID-19",2
"Sebaran Pasien Virus Corona di Indonesia, 6.492 Sembuh, 1.520 Meninggal",0
"Tembus 25.216 Kasus, Ini Sebaran 678 Kasus Baru Corona di Indonesia 29 Mei",0
8 Wilayah Indonesia Ini Nihil Kasus Baru Virus Corona 29 Mei,2
"Update Corona di Indonesia 29 Mei: 25.216 Positif,†6.492 Sembuh,†1.520 Meninggal",0
Studi Tunjukkan Risiko Pasien Kanker Jika Terpapar Virus Corona,0
Gelar Miliarder Kylie Jenner Dicabut oleh Forbes,0
"Jadi Sutradara dan Pemain di 'Sementara, Selamanya', Reza Rahadian Kerepotan",1
"Isolasi Mandiri, Prilly Latuconsina Punya Hobi Baru Hingga Potong Rambut Sendiri",1
Dugaan Usaha Menjatuhkan Syahrini Lewat Video Syur,2
"Bakal Jadi Ayah, Jo Jung Suk Belajar dari Lee Ik Jun 'Hospital Playlist'",0
"Marion Jola Pamer Punggung Kerokan, Tetap Indah di Mata Netizen",2
"Hamil Lagi, Zaskia Adya Mecca Titip Pesan untuk 4 Anaknya",2
"Jalani Syuting Minimalis, Reza Rahadian Harap Dapat Digunakan saat New Normal",1
Lihat Keceriaan Zaskia Adya Mecca dan ke-4 Anaknya,2
Curhat Via Vallen Dikucilkan karena Adik Positif Corona,2
Bintang 'Spider-Man' Bicara Tweet Kontroversial soal George Floyd,2
Siapa Terlibat Konspirasi Jatuhkan Syahrini?,2
Isyana Sarasvati Tantang AIB Jamming Lagu 'Lexicon',0
Tantangan Rizky Febian untuk AIB Show: Dangdut Koplo 'Penantian Berharga',2
Amarah Atas Kematian George Floyd,0
"Jarak Bukan Masalah, Wulan Guritno Bahagia Dapat Surprise Ultah di Masa Pandemi",2
"Reza Rahadian-Laura Basuki Bersatu Lagi di 'Sementara, Selamanya'",0
Duh! Ariel Tatum Ternyata Korban Bully,2
Gokil! Jamming Session Bareng 'AIB Show' Perdana di detikcom,2
"Ogah Perpanjang Masalah, Prilly Anggap Andre-Rina Bercanda Plesetkan Latuconsina",0
"Syuting Miniseri saat Pandemi, Reza Rahadian Pangkas Jumlah Kru",1
"Bebas Wamil, Begini Penampilan Jang Geun Suk Terkini",2
Ini Kriteria Kalau Mau Jadi Session Player Isyana Sarasvati,2
"Mini Series 'Sementara, Selamanya' Jadi Proyek Iseng Reza Rahadian",0
Gambaran Bioskop New Normal Versi Reza Rahadian,2
Masuk Sini! Ada CD NCT 127 'Neo Zone: The Final Round' Bertanda Tangan,2
"Bakal Urus Royalti Didi Kempot, Keluarga Kini Fokus Kirim Doa",1
Prilly Latuconsina Nggak Ngebet Jalan-jalan ke Mal,0
Pertarungan Sengit IUxSuga dan OST 'Hospital Playlist' di Chart Musik,1
"Punya Rumah Mewah, Satu Cita-cita Prilly Latuconsina Terwujud",2
Gurita Terdalam Dunia Ditemukan di Palung Jawa,0
Serangan Siber Canggih dari China Incar Indonesia dan Sejumlah Negara!,0
"Trump Hapus Perlindungan Hukum Medsos, Twitter dan Facebook Melawan",0
Foto-foto Proyek Keren Buatan Netizen Selama di Rumah,2
9 Hewan Raksasa yang Pernah Berdampingan dengan Manusia,2
Roket SpaceX Meledak Sehari Sebelum Peluncuran Bersejarah,0
"Tertunda Badai, 2 Astronaut NASA Siap Meluncur Akhir Pekan",1
Melihat Canggihnya Baju Astronaut Buatan SpaceX,1
"Perangkat Anti 5G Bodong Beredar, Ternyata Cuma Flash Disk",2
Ilmuwan Temukan Dinosaurus yang Diduga Kanibal,0
Smartphone Ini Bikin Mudah Bereskan Kerjaan¬†Numpuk Usai Lebaran,2
Kenapa Siri dan Asisten Virtual Lainnya Pakai Suara Perempuan?,2
Pendiri Zoom Ungkap Momen Paling Mengagetkan di Layanannya,2
Fitur Baru Youtube Bisa Lompati Video yang Ingin Dituju,1
Booyah! Nonton Turnamen Free Fire Asia All-Stars Bisa dari Rumah,0
"Mantul! LINE Rilis Platform PC Gaming, Ada Game Apa Saja?",2
Epic Games Store Gratiskan Borderlands: The Handsome Collection,0
"Ilmuwannya Curiga Corona Buatan Lab, Ini Tanggapan Australia",2
"HP Reverb G2, Headset VR dengan Resolusi Tinggi",0
Wah! Ada Planet Mirip Bumi di Bintang Terdekat Tata Surya Kita,2
Zuckerberg Ambil Sikap Beda Soal Cek Fakta Ucapan Politisi,1
Pengguna Kini Bisa Jadwalkan Postingan di Twitter,0
"Selama Lebaran dan PSBB, Pelanggan Indosat Hobi Streaming Video",0
"Biar Zoom Tambah Seru, Ini Kumpulan Ide Background Lucu",2
"Kejanggalan Plandemic, Film Konspirasi COVID-19 yang Kontroversial",2
New Normal Ubah Gaya Layanan Operator Seluler ke Pelanggan,0
Donald Trump Serang Pegawai Twitter karena Masalah Cek Fakta,0
"Pakai AI, Grab Delivery Doodles Ubah Coretan Anak Jadi Makanan",0
"Mi TV 4 55 Inch, Suguhkan Layar 4K Tanpa Menguras Dompet",0
Google Temukan Perusahaan Hacker Bayaran Asal India,0
"Telkom Kirim Robot Disinfeksi ke Gugus Tugas COVID-19, Ini Fungsinya",2
"#BlackLivesMatters, Tuntutan Keadilan George Floyd yang Dibunuh Polisi AS",0
PSBB Bandung dan Jawa Barat Diperpanjang Jadi Bahasan di Twitter,0
Pekerjaan yang Paling Dicari di Era New Normal,2
Facebook Tiru TikTok dan Luncurkan Collab,0
"New Normal Adalah Saatnya VR, Pendiri HTC Luncurkan XRSpace",0
"Google Translate Kini Bisa Terjemah Langsung, Tersedia Versi Android",1
"5 Starter Pack Menghadapi Kehidupan New Normal, Apa Saja?",2
"Lebih Mudah Berkonsentrasi pada Pagi Hari, Ini 4 Kelebihanmu",2
Menilik Risiko Bahaya Penggunaan Masker bagi Anak di Bawah Usia 2 Tahun,1
"Angket Kembali ke Sekolah di Masa Pandemi Virus Corona Disebar, Begini Hasil Sementaranya",2
"Show Tanpa Batas, Senayan City Persembahkan Koleksi Fashion Sav Lavin dan Mel Ahyar Secara Virtual",1
"Teman Sejati, 3 Zodiak Ini Bisa Dipercaya untuk Menjaga Rahasia",2
[Quiz] 3 Zodiak Paling Jujur Membuatnya Terhindari dari Selingkuh,2
Prediksi Ramalan Zodiak Taurus di Bulan Juni 2020,0
Inilah 6 Zodiak yang Paling Setia dengan Pasangan Menurut Astrologi,2
Mengenal Pesona Gebetan dari Golongan Darah Ikuti quiz berikut ini untuk mengetahui pesona dan karakter gebetan berdasarkan golongan darah,2
Prediksi Ramalan Zodiak Cancer di Bulan Juni 2020 Ini prediksi zodiak Cancer selama bulan Juni 2020 secara keseluruhan.,2
Kenapa Seseorang yang Pernah Selingkuh Bisa Kambuh Selingkuh Lagi? Sekali selingkuh bisa selingkuh berkali-kali.,2
New Normal Adalah Beradaptasi dengan Kondisi Baru ,0
"3 Cara Membangun Kembali Kepercayaan dari Pengkhianatan Pasangan Lakukan 3 hal berikut ini, jika hendak membangun kembali kepercayaan dari pasanganmu.",2
"Teman Sejati, 3 Zodiak Ini Bisa Dipercaya untuk Menjaga Rahasia Simak zodiak apa saja yang bisa menjaga rahasia",2
Prediksi Ramalan Zodiak Gemini di Bulan Juni 2020 Ini ramalan untuk zodiak Gemini selama Bulan Juni 2020 secara menyeluruh.,1
[Quiz] 3 Zodiak Paling Jujur Membuatnya Terhindari dari Selingkuh Zodiak yang paling jujur dan membentenginya dari perselingkuhan,2
6 Manfaat Mengonsumsi Buah Pisang untuk Kesehatan Tubuh Berikut ini adalah manfaat buah pisang yang sangat bermanfaat untuk kesehatan tubuh.,2
"Yuk, Pangkas 4 Pos Keuangan Selama Pandemi Virus Corona Bagaimana caranya berhemat di tengah pandemi? Simak informasi selengkapnya di sini!",2
"Prediksi Ramalan Zodiak Taurus di Bulan Juni 2020 Ini ramalan zodiak Taurus secara umum, cinta, karir dan keuangan selama bulan Juni 2020.",2
3 Langkah Sederhana untuk Menurunkan Berat Badan dengan Cepat,2
"Susah Dapat Pekerjaan, yang Disesali adalah Belum Bisa Membahagiakan Ibu",1
Cara Membuat Tempoyak Udang Petai yang Sedap,0
Resep Ayam Goreng Sasando khas Nusa Tenggara Timur,0
DIY Kit Jadi Tren Aktivitas Baru di Rumah Saat Pandemi Virus Corona,0
Kebahagiaan Itu Sebenarnya Sangat Dekat dengan Kita,1
"Tidak Perlu Panik, Ini Alasan Siklus Menstruasi Berubah Selama Pandemi",2
5 Khasiat Minyak Marula untuk Kesehatan dan Kecantikan Kulit,2
Resep Es Jaipong yang Segar,0
Resep Tahu Isi Bihun Gurih Enak,1
Intip Koleksi Mainan Terbaru untuk Temani Anak di Rumah Saat Pandemi Virus Corona,2
5 Zodiak Berikut Lebih Suka Mencari Pasangan untuk Jangka Panjang,2
4 Risiko Pergi ke Gym Selama Pandemi Virus Corona di Era New Normal,2
"Menu Hari Ini Serba Buncis: Tumis, Campur Daging dan Buncis Goreng",0
Syarat Destinasi Wisata Indonesia Bisa Dibuka Lagi di Era New Normal,0
Resep Ikan Dori Asam Manis,0
The Ickabog Cerita Terbaru J.K. Rowling yang Bisa Dinikmati Gratis Selama Pandemi,0
"Memahami Makna New Normal di Tengah Pandemi Virus Corona Apa itu new normal di tengah pandemi virus Corona, penasaran? Simak di sini.",2
Inilah Beberapa Keuntungan Memiliki Pasangan yang Lebih Tua Darimu,2
"Virus Corona, Bahaya Masker Kain bagi Anak di Bawah Usia 2 Tahun",1
Naomi Osaka Salip Serena Williams jadi Atlet Perempuan Bayaran Tertinggi,0
4 Penyebab Hilangnya Nafsu Makan Selama Kehamilan,1
"Heboh Oplas Challenge, Penampilan Olla Ramlan Sampai Melly Goeslaw Bikin Pangling Mana yang paling drastis perubahannya dari kelima seleb berikut ini?",2
Update Korban Virus Corona Indonesia Kamis 28 Mei 2020,0
"Lebih Mudah Berkonsentrasi pada Malam Hari, Ini 4 Kelebihanmu",2
4 Cara Persiapkan Diri Menghadapi New Normal di Indonesia,2
5 Zodiak yang Menandakan Dirinya Lebih Sering Berbohong Menurut Astrologi,2
Prediksi Ramalan Zodiak Aries di Bulan Juni 2020,0
"Kehidupan Normal yang Baru, Penumpang Ojol Diimbau Bawa Helm Sendiri",0
5 Ide Permainan Anak Menggunakan Barang yang Ada di Rumah,2
"Ekstrovert VS Introvert, Kepribadian Ini yang Paling Rentan Selingkuh Menurut Studi",2
"New Normal Hadapi Virus Corona, Burger King Siapkan Topi Super Lebar untuk Jaga Jarak",0
"Benci Hubungan Tanpa Arah, 4 Tipe Kepribadian Ini Menginginkan Hubungan yang Jelas",2
5 Hal yang Perlu Dilepaskan untuk Menjadi Perempuan Bahagia,2
7 Penyebab Jerawat Terasa Gatal dan Mengganggu,2
"3 Zodiak Ini Jatuh Cinta pada Kecerdasan, Bukan pada Tampang dan Uang",2
Selalu Jaga Kesehatan sebab Kebersamaan dengan Keluarga tak Tergantikan,0
Tips Memilih Camilan MPASI Sehat untuk Anak,0
Teman Judes tapi Jujur Bisa Menjadi Sahabat Terbaik yang Kita Punya,0
"Tinggi Kolagen, Ini Kandungan Nutrisi dan Manfaat Makan Ceker Ayam",1
5 Penyebab Kaki Terasa Gatal pada Ibu Hamil,2
Resep Sepat Ayam khas Nusa Tenggara Barat,0
Terbiasa Berjalan Cepat atau Lambat? Ini Kelebihanmu,2
Ariana Grande dan Lady Gaga Bertukar Gaya Rambut di Video Musiknya,0
Cara Mengatasi Kelelahan saat Masa Karantina Selama Pandemi COVID-19,1
Inspirasi Gaya Kasual Chic Meghan Markle untuk Zoom Meeting,0
"Mengatur Keuangan selama Pandemi, Mengatur Kembali Prioritas Hidup",0
Rangkaian Perawatan Jerawat Akibat Menggunakan Masker Kain,0
Sesuatu yang Kecil di Mata Kita Bisa Jadi Sangat Berarti bagi Orang Lain,0
Inilah Alasan Mengapa Zodiak Aries Lebih Suka Memerintah Orang Lain,2
[QUIZ] Melihat Kepribadian Seseorang dari Cara Bekerja Saat WFH,2
Gabung ke Grup WhatsApp Fimelahood Biar Dapat Pulsa Jutaan Rupiah Kapan lagi gabung grup WhatsApp dapat pulsa? Cuma di grup WhatsApp Fimelahood.,2
Rezeki Selalu Ada selama Kita Berupaya Menjemputnya,0
4 Zodiak Ini Suka Berdebat Tentang Segala Hal Menurut Astrologi,2
Penyakit Asma Meningkatkan Risiko Terinfeksi Virus Corona? Simak Penjelasannya,2
Kesehatan adalah Rezeki Terbaik yang Harus Kita Jaga,0
3 Pasang Zodiak yang Justru Semakin Dekat di Masa Karantina di Rumah,2
Resep Soto Daging Sapi Madura,0
Bisakah Virus Corona Menyebar di Air? Simak di Sini Penjelasannya,2
"Menu Hari Ini: Granola, Sayur Asam Jakarta dan Ayam Panggang",0
Sajikan Menu Hot Pot Praktis dengan Kuah Mala yang Gurih di Rumah,0
Resep Bandeng Presto Bumbu Kuning Gurih,0
Menikmati Minuman Boba Terbaru Favorit Selebritas Korea di Rumah Aja,0
"Kulit Bermasalah dengan Jerawat, Intip Cara Pilih Sunscreen yang Tepat",2
Mitos Tentang Zodiak Cancer yang Perlu Diketahui Menurut Astrologi,2
Review: Serum Lokal dengan Kualitas High End yang Mampu Atasi Kulit Kusam,0
Update Korban Virus Corona Indonesia Rabu 27 Mei 2020,0
5 Olahraga yang Dapat Melatih Kekuatan Otot dan Mengurangi Lemak Tubuh,2
Ajaib! Masker Kain Harry Potter yang Bisa Menampilkan Peta Perampok,2
4 Pemilik Tipe Kepribadian Ini Gampang Pikat Hati Calon Mertua,2
Serba Serbi WNI di Luar Negeri Hadapi Pandemi Virus Corona bersama Menlu Retno Marsudi,1
Atlet Pelari Triyaningsih Tetap Melatih Kekuatan Otot dengan Sepeda di Tengah Pandemi,0
"Penelitian Menemukan, Ini Hal Paling Menyakitkan Bagi Perempuan saat Pasangannya Selingkuh",2
4 Kelebihan Orang yang Nyaman dengan Kondisi Berantakan,2
"New Normal, Gucci Rombak Jadwal Koleksi dan Akan Absen dari Fashion Week",0
"Saat Rencana tak Berjalan Lancar, Ambil Saja Hikmahnya",0
Nissa Sabyan Bagikan Rahasia Kulit Sehat dan Glowing Miliknya,1
Musim Gemini 2020 akan Jadi Bulan Terburuk untuk 3 Zodiak Ini,2
"Saat Dikecewakan Keluarga, Ingat Lagi bahwa Kita Belajar Kehidupan dari Mereka",0
Perut Begah Karena Banyak Makan Saat Lebaran? Ini Cara Mengatasinya,2
Tips Menjalani Hidup Bahagia Meski Tanpa Pasangan,1
4 Kelebihan Orang yang Suka Kerapian,2
Hadapi Era New Normal dengan Maksimalkan Perawatan Kecantikan di Rumah dari Shangpree,0
Alasan Berkata 'Tidak' Perlu Kamu Lakukan,0
Musim Gemini 2020 akan Jadi Bulan Terbaik untuk 3 Zodiak Ini,2
"Cegah Penuaan Dini, 6 Produk Skincare yang Wajib Digunakan Perempuan di Usia 40an",2
Ramadan yang Berlalu dan Aku yang Masih Merindu,0
73 Ribu Orang Dukung Petisi Tunda Masuk Sekolah Selama Pandemik,0
"Warga Tak Pakai Masker Dipukul Pakai Rotan, Ini Respons Polda Maluku",2
"Didoakan Berjodoh, 10 Kebersamaan Nino Fernandez dan Hannah Al Rashid",2
"7 Fakta Perkembangan Podcast di Indonesia, Makin Banyak Penggemarnya!",2
"Yuk Lebih Tenang, 5 Tips Anti Was-Was Saat Kembali ke ""New Normal""",2
"Tahun Ajaran Tidak Mundur, Begini Perbedaan PPDB di Era New Normal",2
Rilis WHO: Ini 7 Cara Hindari Penyebaran Virus Corona di Tempat Kerja,2
"Resep Katsu Tahu yang Renyah dan Mudah, Hanya dengan 3 Bahan",1
"10 Potret Rumah Tata Janeeta yang Mewah dan Klasik, Bikin Betah!",2
Warga Tetap Urus SIKM Hingga Pandemik COVID-19 Dinyatakan Berakhir,0
"Untung Besar, 5 Zodiak Ini Berpeluang Naik Gaji Juni 2020!",2
Viral! Ini Penjelasan Ringkas New Normal Ala Guru Besar IPB,2
Kemendikbud: Tahun Ajaran Baru Bukan Berarti Siswa Kembali ke Sekolah,0
Damkar Turun Tangan Evakuasi Bocah yang Terjepit Terali Jendela,0
"Tanpa Pemutih, 6 Kebiasaan Simpel Ini Bikin Kulit Makin Glowing lho!",2
Erick Thohir Bersyukur Menkeu Bayar Utang ke BUMN Hingga Rp108 Triliun,0
"9 Potret Kece Hyeongjun, Member CRAVITY yang Gemas Abis",2
"135 Tenaga Medis Jatim Terpapar COVID-19, RS Mulai Kelimpungan!",1
Pengelola Pasar Dinoyo Fasilitasi Pedagang Berjualan Secara Online,0
"5 Alasan Kenapa Gebetan Tiba-tiba Menjauh di Tengah PDKT, Kenapa Ya?",2
"8 Jenis Kaktus Indoor yang Bikin Ruangan Auto Kece, Estetis buat Foto!",2
"10 Momen Manis Perayaan Ulang Tahun ke-2 Abe, Anak Giring Ganesha",2
"12 Kesalahan Ini Bikin PDKT Kamu Selalu Gagal, Hindari Segera!",2
"Terdampak Pandemik, Pengemudi Ojol Ini Dapat Pinjaman Bunga Ringan",2
"10 Potret Artis Saat Nyamar di Acara Berbagai Rezeki, Beda Banget!",2
"Warga Bekasi Boleh Ibadah di Rumah Ibadah, Ini Penjelasan Wali Kota",1
"Inspirasi Nama Anak dari Keluarga dr. Boyke, Ketiganya Bertema Alam",1
"Kembangkan Program Catalyser, Pertamina Raih EFMD EIP Gold Award",0
"Tak Hanya Jago Akting, 5 Lagu Ini Bukti Park Seo Joon Bersuara Merdu",2
"53 Persen Warga Tak Puas Cara Jokowi Tangani COVID-19, Ini 5 Alasannya",2
WHO Minta RI Setop Penggunaan Hydroxychloroquine Pada Pasien COVID-19,0
RI Contek Korsel Dalam Mereformasi Birokrasi Supaya Tak Kalah Saing,0
"Di Tengah COVID-19, Jokowi Terima 245¬†Usulan Proyek Strategis Nasional",0
"Lagi Hamil, 9 Potret Kehebohan Zaskia dan Hanung Saat Asuh Empat Anak",2
"9 Transformasi Pemeran Upin Ipin Saat Dewasa, Bak Idola KPop!",2
12 Soundtrack 'Hospital Playlist' yang Bakal Bikin Kangen Fans!,2
"Berdasarkan Bulan Lahir, Ini Member GOT7 yang Cocok Jadi Suamimu",2
6 Fakta di Balik Cewek Golongan Darah A yang Terkenal Perfeksionis,2
5 Langkah Menulis Skenario Film untuk Film Maker¬†Pemula,2
5 Cara Tepat Membangun Ikatan Kuat dan Sehat dengan Saudara Kandung,2
5 Hal Ini Dilakukan Introvert Untuk Mengekspresikan Perasaannya,2
Ramalan Zodiak Gemini 29 Mei 2020,0
"Rekomendasi Body Mist Wangi Vanila, Murah Meriah di Bawah Rp40 Ribu!",2
Berita Saham Hari Ini: 25 Emiten Melemah,0
Jokowi Minta Proyek Strategis untuk Pemulihan Ekonomi Dipercepat,0
"Akhir Pekan, Harga Emas Naik Jadi Rp913 Ribu per Gram",0
"Awali Akhir Pekan, IHSG Sempat Melemah",0
Jubir Luhut Ungkap Alasan Kehadiran 500 Tenaga Kerja Tiongkok di RI,1
Berita Saham Hari Ini: 20 Emiten Melemah,0
"Rugi Hingga Rp13 Triliun, Kapan Mal Bisa Pulih Sepenuhnya?",1
"Perkuat Nelayan, KKP Minta Anggaran Ditambah Rp1,02 Triliun",0
"Dua Bulan Tutup karena PSBB, Mal Rugi Hingga Rp13 Triliun",0
"Bu Risma Ngambek, Begini Reaksi Dokter Joni",2
Anas: Pernyataan-pernyataan Pemprov Jatim Seolah Meneror Warga Surabaya,0
"Bursa Transfer: Neymar ke Barcelona, Arsenal Telikung MU",0
"6 Fakta tentang Ruslan Buton si Pecatan TNI yang Minta Jokowi Mundur, Dia Mengaku",2
"Korsel Tiba-tiba Memburuk, Tempat Hiburan Malam jadi Mengerikan",0
"Kesabaran Risma Berakhir, Khofifah pun Diserbu Warga",0
"Setelah Pandemi Covid-19, Mau Wisata ke Bali, Yogyakarta atau Jakarta?",1
"Rizal Ramli Bicara soal 4 Presiden RI yang Memilih Menyerah, ke Mana Arahnya nih?",2
Tiba-tiba Ahmad Dhani Membayangkan Mendapat Rezeki Rp 1 Miliar,0
"Wahai Pak Hansip di Dalam Video Ridwan Kamil, Anda Mendapat Salam",1
Tantri Kotak Belum 100 Persen Siap Hadapi New Normal,0
"Abdel Ungkap Sisi Lain Mamah Dedeh, Dermawan Banget",1
"dr.Tirta: Bukan Menyerah, Begini Lo Maksud Jokowi Terapkan New Normal",2
"Mengaku tak Bisa Beli Susu, Pria Ini Menyerahkan 2 Anaknya ke Anggota TNI,",0
"Gelombang Laut 6 Meter Viral di Medsos, TNI AL: Jangan Takut",1
Begini Pendapat Dokter Tompi soal New Normal,1
Saat Usia Berapa Anak Boleh Memakai Kawat Gigi?,1
Sevilla Vs Real Betis Awali Kelanjutan La Liga,0
Menderita Akibat Diporoti Wanita Demen Selingkuh,0
Ibu Muda Sambat Gegara Selalu Dimintai Jatah Tanpa Diberi Nafkah,0
"Cewek Desa Mengaku Lajang tetapi Lihai di Ranjang, Oh Ternyata...",2
Khusus Dewasa: Suamiku Terpuaskan ketika Melihat Tubuhku Dijamah Pria Lain,2
"Semua Takut jadi Sopir Ambulans COVID-19, Anggota TNI AL Sigap, Luar Biasa",1
Bu Risma Kesal Lalu Menunjukkan Isi Obrolannya dengan Pak Doni,0
Via Vallen: Seperti Melihat Setan Kalau Keluargaku Lewat,1
"Anies Baswedan Pilih Korbankan 63 Ribu ASN demi 1,2 Juta Warga Prasejahtera",0
"Keasyikan Berbuat Terlarang, Sudirman dan Dedi Sampai Tak Tahu Ada Polisi Datang",1
Jelang Penerapan New Normal,0
Pedagang Kulit Bedug,0
Proyek LRT Jabodebek,0
"5 Juni PNS Masuk New Normal, Ini Aturannya",1
Nikita Mirzani Beri Segepok Uang kepada Pengemudi Ojol yang Motornya Raib,1
"3 Berita Artis Terheboh: Isi Pesan Penyebar Video Dewasa Mirip Syahrini Bikin Kaget, Melanie Sindir Pemerintah",2
"Uang Ratusan Juta Milik Nasabah BRI Raib, Saldo Nihil",0
Begini Cara Gojek Melindungi Pengguna dan Mitra di Era New Normal,2
"Gegara Ini, Umi Pipik Ungkit Masa Lalu Kelam Mendiang Uje",2
Christine Hakim Nyaris Stres Akibat Pandemi Corona,0
"5 Berita Terpopuler: Heboh Pecatan TNI Ruslan Buton, Habib Rizieq Protes, Majalah Playboy",1
"Bursa Transfer: Coutinho ke Tottenham, Gelandang Top ke Milan",0
Pemerintah Diminta Percepat Pemulihan Ekonomi Nasional,0
"Melakukan Perbuatan Dosa, Mbak Diana dan Bang Nanggi Digerebek",2
Pesan Bahtiar untuk Jajaran Kesbangpol di Seluruh Indonesia,0
Draf Perpres TNI Bisa Membingungkan dalam Penegakan Hukum Kasus Terorisme,0
"Tempat Wisata Dibuka Kembali, Syaratnya Pengunjung tak Boleh Berteriak dan Selfie",0
Tiga Pesan Perempuan 100 Tahun Asal Surabaya yang Sembuh dari Covid-19,2
Bamsoet Minta Pemerintah Kendalikan Arus Lebaran,0
Pesan Gubernur AAL Saat Acara Halalbihalal,0
"Gelar Halalbihalal Melalui Video Conference, Begini Pesan dan Harapan Ketua DAJ II",2
Aktivis Curigai Pemprov Jatim Mau Bikin Surabaya Seperti Wuhan,0
"Corona Memangsa 1 Keluarga di Madiun, Lihat Usia Pasien 29, Bikin Makin Sedih",2
"7 Kolaborasi Lady Gaga Paling Ikonik, Yang Terbaru Gandeng Blackpink!",2
"7 Lead Actor Drakor yang Bikin Baper Ini Dulunya Juga Pernah Jadi Villain, Ada yang Masih Ingat?",2
"10 Potret Seksi Marion Jola saat WFH, Bikin Cowok Auto Gagal Fokus!",2
"Ditanya Soal Rencana Menikah Lagi, Nikita Mirzani: Kalau Gua Tajir Melintir Juga Ada yang Gua Kawinin",1
"Rilis Album SELAMAT ULANG TAHUN, Nadin Sukses Banjir Pujian dan Trending di Twitter",0
"Sinopsis Sinetron 'INSYA ALLAH SURGA TINGKAT 2', Tayang Mulai Senin 1 Juni 2020",0
Syahrini Gandeng Dua Pengacara Kondang untuk Kawal Kasus Penyebaran Video Panas Mirip Dirinya,1
"Betrand Peto Dapat Hadiah Headphone dari Ruben Onsu, Harganya Fantastis",2
"Pakai Kaos Buluk, Foto Kedipan Mata Lisa BLACKPINK Tetap Bikin Jatuh Cinta!",2
"10 Potret Sudut Rumah Syahrini yang Jarang Tersorot, Ada Kolam Renang Super Luas dan Pohon Jambu di Taman",2
"Viral di TikTok, Savage Remix Megan Thee Stallion & Beyonce Debut #1 di Billboard #100",0
"Aktris Cantik India Preksha Mehta Bunuh Diri, Diduga Karena Stress Tak Dapat Pekerjaan Lantaran Corona",0
Aldi Taher dan Salsabillih Sempat Merasa Sedih Saat Persiapkan Pernikahan di Tengah Wabah Covid-19,0
"Veronica Tan Dipuji Netizen, Ahok: Tukang Nipu dari Sejak Menikah",2
"Jadi Trending, Ciuman Lee Min Ho dan Kim Go Eun di 'THE KING: ETERNAL MONARCH' Dibilang Terbaik Sepanjang Drama Korea",2
"Bahagia, Elina Joerg dapat THR Berupa Mobil Alphard dari Gusti Ega Sang Kekasih",2
"Ngaku Nggak Pernah Dibelikan Barang Mewah, Nikita Mirzani: Mantanku Miskin Semua!",2
"Posting Foto Lebaran Bareng Keluarga, Cimoy Montok Dikritik Netizen Gara-Gara Rumahnya Belum Direnovasi",2
"Ngobrol Bareng Ganjar Pranowo di Silaturahome, Yuni Shara Titip Pesan Penting Buat Para Gubernur Terkait Covid-19",2
"Rayakan Lebaran di Villa Mewah, Ayu Ting Ting Pamer Pemandangan Indah Bareng Keluarga",2
V BTS Dipuji Ketampanannya Oleh Kim Wooseok Eks X1: Visualnya Seperti Lukisan,2
"Billy Syahputra Ingin Jual Rumah Peninggalan Mendiang Olga Syahputra, Apa Alasannya?",2
"Berawal dari Celetukan, Takaeda Eks Drive Bikin Lagu Indonesia Bahagia",0
"Sedang Tayang, 7 Drama Korea Terbaru Ini Bisa Jadi Rekomendasi Tontonan Saat WFH Diperpanjang",2
"Krisdayanti Posting Foto Lebaran Bareng Keluarga, Komentar Aurel Hermansyah Jadi Sorotan",2
"V BTS Pajang Lukisan Buatan ARMY, Piyama yang Dipakainya Justru Ludes Dalam 5 Menit",2
"Jungkook dan Jin BTS Jadi Cameo di MV Daechwita Agust D 'D-2', Akting Mereka Bikin Fans Gagal Fokus",2
"7 Aktris Korea Ini Memiliki Tinggi Lebih dari 165 cm, Cantik Bak Model",2
"Spesial Lebaran, NET Hadirkan Kolaborasi Para Host 'Tonight Show' dan 'Malam-Malam'",0
"8 Potret Rumah Marcella Zalianty, Seperti Villa yang Begitu Asri dan Punya Halaman Luas",1
"Ngakunya Nggak Bisa Masak, Sandra Dewi Ternyata Jago Bikin Opor Ayam",0
"Diduga Lakukan KDRT, Begini 8 Kontroversi Rumah Tangga Aliff Alli Khan",2
"Lebaran di Rumah Aja, Yuk Ikutan Silaturahmi Bareng Keluarga The Sasonos!",1
"Murni Tidak Tahu Soal Marga Latuconsina, Rina Nose Tegaskan Tak Akan Hina Suku dan Agama Saat Berkomedi",0
"T.O.P Big Bang Dikabarkan Pacaran dengan Kim Ga Bin, Begini Jawaban YG Entertainment",2
"BTS, Barack Obama Hingga Beyonce Bakal Kolaborasi di Acara #DearClassOf2020, Catat Tanggalnya!",2
"Intip 7 Model Rambut Bob Ala Selebriti, Jadi Referensi dan Tampil Beda Saat Lebaran",2
"Sinopsis Sinetron 'INSYA ALLAH SURGA' Episode 28, Tayang Rabu 20 Mei 2020",0
Begini Makna 'Candy' dan Lagu Lainnya Dalam Mini Album Kedua Baekhyun EXO 'DELIGHT',2
"8 Foto Rumah Nirina Zubir, Ada Garasi Khusus Untuk Koleksi Sepeda",2
Single Terbaru Uci Flowdea Libatkan 50 Musisi Orkestra Internasional dan Digarap di 4 Negara,0
"Selain Indira Kalistha, Berikut 4 Youtuber yang Pernah Jadi Sorotan di Awal Tahun 2020",2
"Untuk Pertama Kalinya, Nagita Slavina dan Raffi Ahmad Akan Rayakan Lebaran di Jakarta",0
"Diproduseri Ustaz Solmed, The Sulthan Rilis Single Untuk Lebaran",0
Lee Moo Saeng Ungkap Kemungkinan Ada 'THE WORLD OF THE MARRIED' Season 2,0
"Tersebar Rumor Soodam SECRET NUMBER Pelaku Bullying dan Pecandu Alkohol, Agensi Ambil Tindakan Tegas",1
Mau Makan Takjil Ditemani Pevita Pearce? Yuk Daftar Buka Puasa Bareng KapanLagi,1
"Tajirnya Nggak Kaleng-Kaleng, Sederet Seleb Ini Pilih Selimut Hermes Super Mahal Untuk Menghangatkan Tubuh",2
"Dul Jaelani Puji Sosok Tiara Anak Mulan Jameela, Netizen: Tiara yang Mana Nih?",1
"FOTO Proses Persalinan Anak ke-4 Mona Ratuliu, Deg-Degan Sebelum Masuk Ruang Operasi",1
"9 Potret Kebersamaan Amy Qanita dengan Cucu-Cucunya, Temani Bermain - Tidurkan si Kembar",2
"8 Potret Ruang Tamu Syahrini yang Megah, Ada TV Super Besar dan Sudut Main Game Reino Barack",0
"Sebelum Putus, Sofia Richie Sempat Buka-Bukaan Soal Hubungannya dengan Scott Disick & Kourtney Kardashian",0
"Ada Mahen, Bagasran & Adhitia Sofyan di Smartfren x KapanLagi Live: Bikin Weekend Jadi Nggak Boring!",0
"Nikita Mirzani Posting Video Penggerebekan di Bali, Sebut 'Waria Ngumpet'",2
"Joged TikTok, Celine Evangelista Sempat Nggak Pede Karena Merasa Gendut",1
Park Hae Joon dan Song Kang Ho 'PARASITE' Dikonfirmasi Main Film 'DECLARATION OF EMERGENCY',0
"Hadiah Lebaran dari Ashanty Untuk Aurel Hermansyah dan Arsy, Kalung Berlian Berbahasa Arab",0
"Sempat Hiatus, Park Bo Young Dikabarkan Segera Comeback Drama Terbaru",0
"9 Potret Kedekatan Gabriel Anak Angkat Dewi Persik dengan Angga Wijaya, Sering Bercanda - Pakai Baju Serasi",1
"Zaskia Adya Mecca Hamil 8 Bulan, Ini Alasannya Tak Segera Kabarkan pada Publik",2
"Chelsea Olivia Hamil Anak Kedua, Glenn Alinskie Rela Buatin Makanan Tiap Jam 3 Pagi",0
"10 Potret Muhammad Ali, Anak Ahmad Dhani dan Mulan Jameela yang Dibilang Mirip El Rumi",2
"8 Potret Ulang Tahun Cut Meyriska, Dinner Romantis - Dapat Kejutan Kado Mahal dari Suami",1
"9 Potret Terbaru Yusuf Surya Pemeran Jaka di Sinetron 'Jinny Oh Jinny', Bersahabat Dengan Indra Bruggman",0
"7 Potret Syahnaz Sadiqah Sungkem pada Raffi Ahmad, Ngaku Salah Nggak Ikut Salat Ied",1
"Tamara Bleszynski Tak Bisa Tidur Karena Takut Kondisi Ibu Tak Bisa Diterima, Ingin Pandemi Segera Berlalu",0
"7 Potret Thalia Memijat Ruben Onsu yang Sedang Jatuh Sakit, Pernah Diajari di Sekolah",1
"7 Potret Baby Bump Zaskia Adya Mecca yang Sudah Masuk Bulan ke-8, Sempat Ingin Digugurkan",2
"Awal Hamil Anak Kelima, Zaska Adya Mecca Sempat Ingin Gugurkan Kandungannya",0
"'HOSPITAL PLAYLIST' Tamat Dengan Rating Tinggi, Bakal Ada Season 2",0
"Blak-Blakan, 3 Selebriti ini Jujur Mengakui Jika Telah Hamil Duluan Sebelum Menikah",2
"Terlalu Serasi, 7 Pasangan Drama Korea Ini Sampai Sekarang Masih Bikin Baper Kalau Ditonton Lagi",2
"Tak Pernah Dapat Barang Mewah dari Mantan, Nikita Mirzani Mengaku Bangga Bisa Beli Barang Sendiri",0
Pendatang Tanpa SIKM yang Dikarantina Harus Tes Covid-19 dengan Biaya Pribadi,0
Bappenas: Kami Sedang Susun Protokol untuk Masyarakat Produktif dan Aman,0
"Dalam Kondisi Pandemi dan Ketidakpastian, BCA Berhasil Mempertahankan Posisi Keuangan yang Solid",0
"Tahun Ajaran Baru Dibuka 13 Juli, Kemendikbud: Tidak Harus Tatap Muka",0
"Tekan Penyebaran Kabar Bohong, KotaK Bakal Rilis Single Hoax",0
"Komentari Kematian Pria Kulit Hitam George Floyd, Walikota Mississippi Dikecam",0
Ada Masalah Saat Mengisi Sensus Penduduk Online 2020? Hubungi Call Center BPS Ini!,2
"Soal Surabaya Bisa Jadi Wuhan, Pemkot: Kami Berusaha Tak Terjadi, Siapa yang Inginkan Itu",0
Menpan dan RB: ASN Harus Siap Hadapi Normal Baru,0
"Akan Hadapi New Normal, Nikita Mirzani: Orang Sini yang Bisa Dibilangin yang Mengerti Kesehatan",0
Viral Video Oknum Anggota Polisi di Maluku Pukul Pantat Warga yang Tak Gunakan Masker dengan Rotan,2
"Dugaan Pencemaran Nama Baik Anggota DPR RI, Giliran Bupati Agam Diperiksa Polisi",0
"Hari Ini Terakhir, Bagaimana jika Tak Mengisi Sensus Penduduk Online?",2
"George Floyd Tewas Diinjak Polisi, Agnez Mo: Hati Saya Terluka",0
"12 Negara Ini Konfirmasi Nol Kasus Covid-19, Mana Saja?",2
"Jepang Sudah Mulai New Normal, seperti Apa Praktiknya?",2
Warga Bogor Digegerkan Temuan Kerangka Manusia dan Koin Tahun 1815,0
"Sebelum Meninggal, Balita Asal Sragen yang Digigit Kutu Kucing Alami Panas Tinggi dan Muntah",0
Heboh Pria Curi 126 Pasang Sandal untuk Dipakai Berhubungan Seks,1
"Wajib bagi WNI, Ini Hari Terakhir Pengisian Sensus Penduduk Online 2020",2
"Terakhir Hari Ini, Begini Cara Mengisi Sensus Penduduk Online",2
PSBB Jawa Barat Diperpanjang,0
"Jatim Banjir, Waspada 3 Hari Mendatang Masih Berpotensi Hujan",0
6 Arahan Jaksa Agung Saat Lantik Sekretaris Jamintel dan 18 Pejabat Eselon II,1
"Kronologi Terbongkarnya Pemerkosaan Gadis 18 Tahun oleh 5 Pemuda, Berawal dari Video yang Menyebar di WhatsApp",0
"Curhat Pasien Positif Corona 30 Hari di Ruang Isolasi, Tidak Ada Air Putih hingga Tak Terkena Matahari",0
Lelang Jabatan Dirjen Pengadaan Tanah Kementerian ATR/BPN Segera Digelar,0
Cara Mengenali Alergi Protein Susu Sapi pada Bayi,0
Systemic Covid-19 Mitigation Prepared for Hardest-Hit Regions,0
[VIDEO] Menguji Mobil Murah Daihatsu Ayla Deluxe AT Terbaru,0
Tes Kepribadian: Gambar yang Anda Pilih Bisa Ungkap Kesulitan Hidup Anda,2
"Freiburg Vs Leverkusen, Laga Pelampiasan Bagi Tim Arahan Peter Bosz",0
"Juni 2020, Bank Mandiri Targetkan 75 Persen Kantor Cabang Bisa Beroperasi",0
Kereta Cepat Jakarta-Bandung Akan Dilanjutkan Sampai Surabaya,0
Ilmuwan Kembangkan Virus untuk Melawan Kanker,0
Covid-19 dan Kisah Artaban Mencari Tuhan,0
Strategi Pengelolaan Reksa Dana di Era New Normal,0
"New Normal, Ketidaknormalan yang Dinormalkan",0
Media Online dan Akurasi Pemberitaan Jokowi Buka Malù,0
"Pandemi Covid-19, Akhir dari Tren Leisure Economy?",0
"KASUS DI SEJUMLAH NEGARA TURUN, GELOMBANG KEDUA COVID-19 MASIH MENGANCAM?",2
Pangeran William Mengaku Masih Trauma atas Kematian Putri Diana,0
Usia Pangeran William masih 15 tahun saat Putri Diana meninggal dunia.,0
YUK IKUTAN SILATURAHOME,2
Yuni Shara Ingin Rekaman Bareng Ganjar Pranowo Usai Duet di Silaturahome,0
Aura Kasih Girang Dapat Sajadah dan Al-Qur'an dari Ridwan Kamil,0
"Ridwan Kamil Sebut 'New Normal' Bentuk Gaya Hidup Baru, Jamu Jadi 'New Espresso'",0
"New Normal, Jabar Rumuskan Regulasi Masuk Sekolah",0
Tips Silaturahmi dengan Mantan Tanpa CLBK di Silaturahome ala Ustaz Wijayanto,2
El Rumi Kebingungan Soal Sewa Apartemennya di London,0
"Yuk, Lebaran Bareng Artis dan Pejabat Secara Virtual di SilaturaHOME",2
Ponaryo Astaman Ungkap Game Favoritnya sejak Dulu di Silaturahome KLY,2
Bolehkah WNI Pulang dari Luar Negeri Saat Pandemi? Begini Penjelasan Menlu Retno,2
"Di Silaturahome, El Rumi Ungkap Opor Ayam jadi Menu Favorit Lebaran",0
"Lekas Pulih Indonesia, Ayo Bantu Mereka yang Terdampak Virus Corona COVID-19",0
"INFOGRAFIS: New Normal, 15 Aturan Harus Dipatuhi Perusahaan",0
Liverpool Ikut Ramaikan Perburuan Houssem Aouar,0
"Protokol New Normal Siap, Bank Mandiri Bakal Beri Layanan Maksimal ke Nasabah",0
7 Meme Kelakuan Kocak Fizi 'Upin dan Upin' Ini Bikin Tepuk Jidat,2
Forum Pemred Desak Polisi Proses Pelaku Teror ke Wartawan Detikcom,0
"Berburu SUV Kompak Bekas, Intip Pesona Chevrolet Trax LTZ 2017",2
Kasus Aktif Corona COVID-19 Selandia Baru Kini Hanya Ada di Auckland,0
Erick Thohir Minta Garuda Jemput Mahasiswa asal Indonesia di Arab Saudi,0
"Kepepet, Pemuda di Tomohon Nekat Jual Mobil Sewaan Seharga Rp23 Juta",0
"Kabar Baik, Pemkot Bekasi Izinkan Rumah Ibadah Dibuka Lagi",0
BIN Bantu Alat Kesehatan hingga APD untuk Penanganan Corona COVID-19 di Surabaya,0
FOTO: Melihat Kemegahan Masjidil Haram dari Udara,1
"Potret 5 Masjid Terunik di Dunia, Ada yang Berbentuk Jamur",2
Facebook Mulai Soroti Akun yang Sebar Konten Viral,0
VIDEO: Menlu Retno 'Tidak Ada Negara yang Siap Tangani Covid-19',0
FOTO: Kematian Pria Kulit Hitam Picu Kerusuhan di Minneapolis,0
FOTO: Petugas Gabungan Gencarkan Pemeriksaan SIKM Jakarta,0
FOTO: Melihat Penerapan New Normal di Sumarecon Mall Bekasi,1
FOTO: Upaya PMI Kota Tangerang Penuhi Kebutuhan Stok Darah di Masa Pandemi,0
"FOTO: Pantau COVID-19, Rapid Test Drive Thru Digelar di Titik Pengecekan Jatijajar",0
FOTO: Geliat Restoran Hingga Kafe di Israel Setelah Lebih dari Dua Bulan Ditutup,1
Hanung Bramantyo Merasa Disalahkan karena Menghamili Zaskia Adya Mecca,1
Jadwal Timnas Indonesia saat Pandemi Covid-19 Berakhir,0
Pesan Anies ke ASN: Jangan Lembek Hadapi Cobaan Pandemi Covid-19 Ini,0
Erick Thohir: 100 Persen BUMN Sudah Siap Jalankan New Normal,0
Pakar Epidemiologi Ungkap 3 Kunci Sukses Kendalikan Corona COVID-19,2
"10 Manfaat Buah Alpukat untuk Ibu Hamil, Penuhi Nutrisi Penting",2
"Beredar Hukuman Pukul Pakai Rotan Karena Langgar PSBB, Ini Penjelasan Polisi",2
Bank Mandiri Siap Buka 75 Persen Kantor Cabang Saat New Normal,0
"Arnold Schwarzenegger Nge-gym Bareng Keledai Kesayangan, Ditertawakan Anak Sendiri",0
Shanghai Shenhua Restui Odion Ighalo Bertahan di Manchester United,0
Menko Airlangga: Kereta Cepat Jakarta-Bandung Berlanjut hingga Surabaya,0
"Anies Baswedan Soal Covid-19 di DKI: Wabahnya Melandai, Masalahnya Belum Usai",0
"Sempat Bocor, Sony Konfirmasi Dua Judul Gim Gratis untuk PS Plus Juni 2020",2
"New Normal, Ini Tips Saat Keluar Rumah di Tengah Pandemi Corona Covid-19",2
"7 Potret Reynold Poernomo, Adik Chef Arnold yang Ikut Ajang MasterChef Australia",2
OJK Pastikan Industri Keuangan Nasional Masih Kuat di Tengah Badai Corona,0
"Gadis Iran Nekat Kabur Demi Cinta, Pulang Meregang Nyawa di Tangan Ayah",0
Pengusaha Sebut Stimulus untuk UMKM Belum Maksimal,0
VIDEO: Helikopter Isi Bahan Bakar di SPBU,1
4 Pemenang Beraksi di Bulan Penuh Fitri Periode 22 - 28 Mei 2020,0
Masjid Al-Aqsa Kembali Dibuka Setelah 2 Bulan Lebih Ditutup,0
Polri Siap Mendisiplinkan Masyarakat dalam Pelaksanaan New Normal,0
Pengusaha Angkutan Usul Kenaikan Tarif Transportasi,0
Pemprov DKI Tunggu Petunjuk Anies untuk Buka Kembali Rumah Ibadah,0
3 Produk Kuliner yang Numpang Promo di Drama The World of the Married,2
"Operasi Demi Miliki Bokong Indah, Wanita Ini Malah Tak Bisa Duduk Selama 6 Bulan",2
"Derita Istri Sang Pemabuk, Lelah Nafkahi Keluarga dan Jadi Bulan-bulanan",0
Pengelola Wisata 'Pintu Langit' Pasuruan Sambut Baik Kebijakan New Normal,0
"4 Fakta Unik Mata, Mampu Kirim Sinyal Tak Terduga ke Otak",2
VIDEO: Tangisan Wali Kota Risma Dapat Bantuan Alat Kesehatan,1
Zaskia Adya Mecca dan Hanung Seperti Musuhan Saat Periksa Kehamilan Anak Kelima,0
"Dibeli Mahal, Barcelona Siap Lepas 3 Pemain Ini",2
FOTO: China Rampungkan Pembangunan Gelanggang Baru Pertama,0
Masjid dan Gereja di Yordania Dibuka Kembali Mulai 5 Juni,0
"6 Potret Maternity Shoot Chelsea Olivia, Pose Nastusha Curi Perhatian",2
Jokowi Ingatkan Kasus Stunting dan DBD Tak Kalah Penting Meski Fokus Corona,0
"Efek Corona, Pasar Baja Nasional Anjlok 50 Persen",0
"Harga Pangan Stabil, Inflasi Selama Ramadan dan Lebaran Terjaga",0
"Mengacu WHO, Bappenas Buat Kriteria Masuk Era New Normal",0
"Berantas Notifikasi Bandel di Situs Web, Google Ungkap Fitur Baru Chrome",2
VIDEO: Apa Itu 'New Normal' Pandemi Covid-19? Ini Penjelasannya,2
5 Chat Drama Tugas Kuliah Ini Bikin Tepuk Jidat,2
"Kembali ke Italia, Cristiano Ronaldo Ajak Keluarganya Bersepeda",0
Anies Cek Kesiapan Puskesmas DKI Jakarta Jelang New Normal,0
"Donald Trump Teken Perintah Eksekutif Atur Perusahaan Medsos, Serang Balik Twitter?",1
"Cek Fakta: Video Viral Penjemputan Keluarga Terduga Covid-19 karena Salat Idul Fitri di Masjid, Faktanya?",2
"Buntut Label Cek Fakta Twitter, Donald Trump Ancam Tutup Sejumlah Raksasa Medsos",0
PODCAST LIPUTAN6.COM,0
PODCAST Showbiz: Didi Kempot Rest in Love Bagian 1: The Godfather of Brokenheart,0
PODCAST Showbiz: Glenn Fredly Rest in Love Bagian 5: Perpisahan Sebagai Penyanyi Solo,0
PODCAST Health: Pro Kontra dan Polemik Rokok Elektrik,0
"Mengetahui Hamil Anak ke-5, Zaskia Adya Mecca Nangis dan Marah pada Suami",0
6 Potret Kompakan Baju Lebaran ala Netizen Ini Bikin Geleng Kepala,2
"New Normal Berlaku, Kasus Corona COVID-19 di Korsel Melonjak Lagi",0
"Kronologi Zaskia Adya Mecca Ingin Gugurkan Kandungan, Pesan Kamar Rumah Sakit di Singapura",1
"Cantiknya Mengejutkan, Ayo Tebak Siapa Artis yang Ikut Oplas Challenge Ini",2
"5 Potret Terbaru SBY Rayakan Idul Fitri, Lebaran Kedua Tanpa Ani Yudhoyono",1
"5 Fakta Soal Kematian George Floyd, Pria Kulit Hitam yang Tewas di Tangan Polisi AS",2
"6 Buah Favorit Nabi Muhammad SAW, Menyimpan Berbagai Manfaat",2
10 Potret Rumah Nella Kharisma yang Serba Luas dan Nyaman,2
Zaskia Adya Mecca Sempat Ingin Gugurkan Kadungan Anak ke-5,1
Jawaban Menohok Istri Glenn Fredly saat Ditanya Tentang Agama,2
"35 Kata Mutiara Bahagia Bersamamu, Manis Menyentuh Hati",2
"Tak Tahu Majikan Sudah Meninggal, Anjing Ini Setia Menunggu 3 Bulan di RS",1
"Nasihat Teuku Wisnu Bikin Zaskia Adya Mecca Batal Gugurkan Kandungan, Apa Katanya?",2
8 Jenis Sayuran Cepat Panen yang Mudah Ditanam di Rumah,2
"MUI Bolehkan Salat Jumat, Menag Segera Umumkan Aturan Ibadah di Masjid",0
Dion Wiyoko Bicara Pentingnya New Normal di Tengah Pandemi Corona,1
MotoGP 2020 Bisa Jadi Waktu Tepat bagi Rossi untuk Pensiun,0
Potensi Liverpool Segel Gelar Juara di Derby Merseyside,0
"Jokowi: Fokus Tangani Covid-19, tapi Agenda Strategis Tak Boleh Dilupakan",0
"Imbas Covid-19, Nissan Tutup Pabrik di Indonesia",0
Empat Arahan Jokowi Terkait Evaluasi Proyek Strategis Nasional,1
Polda Metro: 79.930 Orang Melanggar PSBB Jakarta,0
Al Haramain Watch Usulkan Internasionalisasi Makkah dan Madinah,0
Rupiah Melemah ke Rp14.725/USD Jelang Akhir Pekan,0
Masjid Al Aqsa Mulai Dibuka Hari Minggu,0
"New Normal PNS, PANRB Siapkan Akselerasi Reformasi Birokrasi",0
"Tradisi Sungkem Lebaran Selebritis, Sesuai Syariat Islam?",2
Perkara yang Wajib Dilakukan Saat Mandi Besar,1
"Episode 13 The King: Eternal Monarch Batal Tayang, Fans Kecewa",0
"Asyik Kejar Balon Udara, Seorang Bocah Terjemur ke Sumur di Madiun",0
Giggs Ingin Timnas Wales Contoh Gaya Main Liverpool,0
"Hana Kimura Bunuh Diri, Terrace House Hentikan Produksi",0
Manajer Umum Arema FC Tak Setuju Industri Sepakbola Tanah Air Dihentikan,0
"8 Tanda Hubungan Mulai Renggang, Hati-Hati Bubar",2
"Jelang New Normal, Masjid Istiqlal Belum Menggelar Sholat Jumat",0
Pemerintah Harus Bikin Standarisasi Harga Rapid Test-Uji Swab Corona,0
"Sumbang 44 Kasus Covid-19, Klaster Indogrosir Jadi yang Terbesar di DIY",0
"5 Potret Yoo Yeon Seok Dokter Garden di Hospital Playlist, Bikin Kamu Pengen Gandeng ke Pelaminan",2
Cerita Alex Marquez soal Momen Tersulit dalam Kariernya,1
Cerita Bek Persiraja Bikin Pemain Liga Inggris Tertarik Main di Indonesia,1
"Jelang New Normal, Bank Mandiri Buka 100% Kantor Cabang Bertahap",0
"Diguyur Hujan Deras, Jembatan Penghubung Antardesa Ambrol",0
"Dari 223 Proyek Strategis Nasional, Baru 27 yang Beroperasi",0
"New Normal, Buruh Minta Jadwal Kerja Digilir",0
"PSBB Dilonggarkan, Masjid di Kota Padang Gelar Sholat Jumat Berjamaah",0
"Tetap Berlanjut, Proyek Kereta Cepat Diintegrasikan Jadi Bandung-Surabaya",0
Pemain Asing Persiraja Samakan Atmosfer Sepakbola Indonesia dengan Liga Inggris,0
Pemeriksaan Suhu Tubuh Sebelum Melaksanakan Sholat Jumat,0
PNS di Negara Ini Tak Naik Gaji Selama 12 Bulan Akibat Pandemi Covid-19,2
Ada 26 Klaster Penyebaran Virus Corona di Balikpapan,0
Tanda-Tanda Diterimanya Puasa Ramadhan,2
Nissan Hentikan Produksi Mobil di Indonesia,0
Real Madrid Frustrasi Tak Ada yang Mau Beli Gareth Bale,0
"Terapkan Protokol Kesehatan, Masjid Agung Al Barkah Gelar Sholat Jumat",0
"Patuhi PSBB, Masjid di Kawasan Pecinan Jakpus Ini Tak Gelar Sholat Jumat",0
"Balita di Sragen Meninggal Akibat Kutu Kucing, Kenali Beda Bentolnya dengan Gigitan Nyamuk",2
"Dianggap Membahayakan Penerbangan, 30 Balon Udara Dirusak Petugas",0
Presiden UFC Ingin Saksikan Langsung Duel Comeback Mike Tyson,0
Penampakan Berbagai Wajah Ariel Setelah Dipermak Aplikasi,2
"Tak Perlu Malu Meminta Bantuan Orang, Gemini",1
Bappenas Susun Protokol Produktif Aman di Tengah Pandemi Covid-19,0
"Emha dan Ebiet Diawal Karier: Dari Penyair, Camelia, Kyai",0
Jumat Ini Istiqlal Masih Ditutup,0
"Di Tengah Pandemi, Kredit BCA Tumbuh 12,3 Persen",0
AMSI: Sengketa Pemberitaan Jangan Diselesaikan Lewat Buzzer,0
Adaptasi Industri Film dan Bioskop Hadapi Covid-19,0
"New Normal, Bekasi Kurangi Jam Belajar Siswa di Sekolah",0
Pasien Positif Covid di Tasikmalaya Tinggal 8 Orang,0
Kata New Normal Buat Melanie Subono Sesak,0
Ibnu Qayyim Jelaskan 10 Adab Berdoa,1
Pertamina Raih Penghargaan Internasional EFMD EIP Gold Award,0
12 Pasien Covid-19 di Bali Dinyatakan Sembuh,0
Doni Monardo Senang APD Dalam Negeri Lolos Standar WHO,0
34 Warga Sulbar Sembuh dari Covid-19,0
Delapan Pasien Covid-19 Kepri Dinyatakan Sembuh,0
Anies Pantau Kesiapan Puskesmas Hadapi Masa New Normal,0
"Skema New Normal, Anang Ingin Ada Bagi Industri Kreatif",0
Inggris Tutup Gerakan Tepuk Tangan untuk Pekerja Medis,0
Via Vallen: Seperti Lihat Setan kalau Keluargaku Lewat,1
Penanganan WNI di Asrama Haji Pondok Gede Sesuai Protokol,0
Brunei Pakai Helm Pintar Cek Suhu Tubuh di Masjid,0
Tradisi Silaturahim di Lebak Tetap Lestari Saat Pandemi,0
Sholat Digelar di Alun-Alun Dekat Hagia Sophia,0
Direktur: Tim Utama Barcelona Seharusnya dari La Masia,0
Ini Tiga Pemain Muda Terbaik Versi Ryan Giggs,2
Figo tak Pernah Menyesal Khianati Barca Demi ke Madrid,0
Jadwal Pertandingan Pekan ke-29 Bundesliga Jerman,0
"Ditanya Soal Jadi Ayah Raffi Ahmad, Ini Jawaban Sule",2
DPR-KADIN Sepakat Bangkitkan Perekonomian di Tengah Pandemi,0
Jumlah Warga di Jatim yang Terpapar Corona Terus Membengkak,0
Advokat Siap Beri Pendampingan Dokter RS Royal,0
"Infografis Mal Kembali Dibuka, Ini Protokol Kesehatannya",2
3 Saksi Bisu Kejayaan Dinasti Abbasiyah di Irak,0
"Infografis Kontroversi BPIP, dari Gaji Hingga Konser Amal",0
Infografis Daftar Daerah yang akan Terapkan New Normal,0
6 Rekomendasi Hidup Beradaptasi dengan Covid-19,2
Komisaris PT APJ Sudah Diperiksa Terkait ABK Kapal Long Xing,0
135 Tenaga Medis di Jawa Timur Terpapar Covid-19,0
"Lebaran di Rumah Aja, Trafik Data XL Melonjak 25%",0
Antara Alquran dan Alfurqan,0
Isu Pajak di Tengah Polemik Kenaikan BPJS Kesehatan,0
"Soleimani, Fukuyama, dan Koboi Tua Itu",0
Positif Covid-19 karena Ngawur Jalankan Proses Pemakaman,0
Dolly Parton Rilis Lagu di Tengah Pandemi,0
Ini Miliarder yang Untung vs Rugi Selama Pandemi Corona,2
"Bangga Antar Astronaut NASA, Elon Musk: Puncak dari Mimpi",0
Telkom Serahkan Bantuan Robot Disinfeksi kepada Gugus Tugas,0
"Wastafel Portabel dari Drum Bekas, Peluang Bisnis Pandemi",0
Masker Transparan Bagi Penyandang Tuna Rungu di Turki,0
Puluhan Media Lokal Australia Beralih ke Digital,0
Antrean Bansos Tunai di Kota Manila Filipina,0
Imam Ghazali Ingatkan Bahaya Lidah Picu Permusuhan Abadi,0
AS Pertimbangkan Kembali Perlakuan Khusus untuk Hong Kong,0
Tante Ernie ke Hotman Paris: Semoga Abang Suka Kue Coklat Aku Ya,2
"Pakai Busana Minim, Marion Jola Pamer Kerokan di Punggung",2
"Kesan Pertama Ketemu Raffi Ahmad, Nagita Slavina: Ceweknya Banyak",0
"Dikucilkan Tetangga karena Virus Corona, Via Vallen : Luar Biasa Jahat!",0
"Wawancara Sevo Widodo, Anak Muda Indonesia, Warga Global Pendiri Silicon Bali",0
"Kangen Sepak Bola Indonesia, Luis Milla Unggah Video Momen Asian Games 2018",0
"Lewati Ronaldo dan Messi, Roger Federer Jadi Atlet dengan Bayaran Tertinggi",0
"5 Hits Bola: Keren, James Rodriguez Main TikTok Pakai Lagu Indonesia",0
PSG Kontrak Mauro Icardi hingga 2024?,2
Cara Membuka Kunci Folder Aman di Ponsel Android,0
Peluncuran SpaceX dan NASA: 10 Pertanyaan kunci Misi Crew Dragon,1
PUBG Mobile Akan Hadirkan Fourex Sebagai Peta Baru,0
"Lebaran 2020, Smartfren Catat Kenaikan Trafik Layanan Data",0
Cerita Dokter Hamil yang Rawat Pasien Covid-19,2
Menparekraf Berlakukan Protokol New Normal Wisata saat Destinasi Siap,0
"Hits Lifestyle: Viral Wujud Air Mirip Ular, Ramalan Zodiak Sabtu (30/5)",2
Warung Kopi di Makassar Terapkan Protokol Kesehatan,0
"Kasus Corona Meningkat, Pemkot Depok Perpanjang Masa Belajar dari Rumah",0
Drummer Band Metal Tobat usai Terinfeksi Corona dan Mimpi Ketemu Setan,1
Kabar Baik! Ilmuwan China Yakin Uji Coba Vaksin Corona 99 Persen Berhasil,2
"Wali Kota Risma Ngamuk Soal Mobil PCR, PDIP Singgung Rivalitas Politik",0
Melihat New Normal dalam Perspektif Politik,0
"Heboh Keluarga Pasien Diseret Satgas Covid-19, Kadinkes Minta Maaf",0
"Suami Hamil 8 Bulan, Model Transgender Ini Nantikan Kelahiran Anak Pertama",1
"Jejak Dirut Baru TVRI di Majalah Playboy, Tengku Zul Sentil Maruf Amin",0
"New Normal Gagal, Korea Selatan Terapkan Lagi Pembatasan Sosial",0
"Kontrak Selesai, Alasan Sule Berhenti dari Ini Talkshow",2
"Roy Suryo Kerap Sebut Istilah Pekingese, Dedek Uki: Tidak Beradab",0
"Diburu karena Tuduh Kapolda Papua Bunuh Tenaga Medis, Aktivis KNPB Ditembak",0
Wali Kota Risma 'Nyatakan Perang' ke Gugus Tugas Jatim Gegara Mobil PCR,0
"Suruh Jokowi Mundur, Bareskrim Korek Peran Pecatan TNI Ruslan Buton",0
"Pecut Warga Tak Pakai Masker, 8 Oknum Anggota Polda Maluku Diproses Propam",0
"20 Tahun Lalu Pria Ini Diramalkan Tawaf Sendirian, Jadi Nyata saat Corona",2
Belajar dari Rumah: Masih Ada Kesenjangan Pendidikan di Indonesia?,1
'Baru Bisa Beli Baju Hangat': Sepertiga Ibu Tunggal di Australia Miskin,0
"Ingat Indonesia, Reynold Poernomo Hidangkan Cendol di MasterChef Australia",0
George Floyd dan Kematian Lain di AS yang Memicu Gelombang Protes,0
Desainer Skotlandia Ciptakan Ventilator dari Mesin Kopi,0
Gadis Asal Indonesia Timur Jadi Duta Mahasiswa Internasional di Brisbane,0
"Masa Adaptif New Normal, Pemkot Malang Perketat Protokol Covid-19",0
"Warga Tak Gunakan Masker, Polres Tanjabbar Beri 200 Surat Teguran",0
"Ke Kolam Renang di Tengah Pandemi, Bocah di Pandeglang Meregang Nyawa",1
"Pastikan Bebes Corona, Petugas Lapas Rangkasbitung Jalani Rapid Test",0
"Unik, Ini Penampakan Batik Motif Corona Bikinan Pengrajin Kulonprogo Jogja",2
"Dirawat 10 Hari, Fisioterapis Asal Klaten Tengah Sembuh dari Covid-19",0
"33 Hari Karantina, 1 OTG Positif Corona dari Klaster Gowa di Sragen Sembuh",0
"Tambah 2 Lagi, Positif Virus Corona Boyolali Jadi 25 Kasus",0
Petugas Pos Chek Point Tanjung Pauh Kuansing Amankan 175 Gram Sabu,0
Menyoroti Pendekatan Kepemimpinan Menteri Perhubungan Budi Karya,0
Angela Merkel: Sang Wanita Inspiratif,0
EMTEK Peduli Corona Salurkan Donasi Pemirsa Hingga Indonesia Tengah,0
"Bantu Mitra Pengemudi, Grab Lanjutkan Relaksasi Keuangan dengan Skema Baru",0
"Yuk, Ikutan Kompetisi Fotografi Virtual",0
"Terkait Kasus George Floyd, Polisi Minneapolis Dituntut Pasal Pembunuhan",0
Kendaraan Berdimensi Kecil Sumbang Angka Kecelakaan Tertinggi,0
"Update Corona Covid-19: India Masif Lakukan Tes, China Tinggal 70 Kasus",0
"Kerusuhan Minneapolis,Kata Terakhir George Floyd: Saya tak bisa bernapas",0
"Terapkan New Normal, Masjid Al-Barkah Bekasi Laksanakan Shalat Jumat",0
Pemeriksaan SIKM di Tol Cikampek Menuju Jakarta,0
Sepinya Sejumlah Rest Area Pada H+4 Lebaran,1
Masjid Hasyim Asy'ari Jadi Ruang Isolasi Pemudik tanpa SIKM,0
Persiapan Salat Jumat di Bekasi,0
Warga New York Nonton Bioskop dari Mobil Ditengah Pandemi Covid-19,0
Media Asing Kecam Meme Mahfud Samakan Istri dengan Corona,0
"Rahasia Kerala, Negara Bagian India yang Dipimpin Partai Komunis Menang Lawan Virus Corona",2
Kronologi Lengkap Wali Kota Risma Ngamuk sampai Gemetar Karena Mobil PCR,2
"Dituding Wali Kota Risma Serobot Dua Mobil PCR, Ini Jawaban Dokter Joni",2
"Satu Personel Satpol PP Bangka Tewas Terseret Ombak, Satu Lagi Masih Hilang",0
"Mahfud MD Jadi Sorotan Dunia, Ferdinand: Minta Maaf, Jangan Sampai Dicubit Istri",0
"Warga Kota Magelang Bersiap, Ini Ketentuan New Normal",2
"Protes Kematian George Floyd, Gedung Putih 'Disegel' Warga AS",1
Kedatangan 818 WNI ABK Kapal Pesiar di Tanjung Priok,0
"Masa Tanggap COVID-19 DIY Diperpanjang, Pelajar Tetap Belajar dari Rumah",0
"Aku Tak Bisa Bernapas, Kalimat Terakhir George Floyd Picu Aksi Anti Rasis",0
Jejak Dirut TVRI di Majalah Playboy Disorot dan 4 Berita Populer Lain,2
Reporter CNN Peliput Kerusuhan Minneapolis yang Ditangkap Kini Bebas,0
Satgas Covid-19 DPR Pantau Persiapan New Normal Sektor Usaha,0
"Terdampak Covid-19 paling Parah, Usaha Wisata harus Dibangkitkan",0
Wulan Guritno Tak Ikut Demam Drama Korea,0
DPR Minta Perlindungan Pekerja Saat New Normal,0
"Imbas Covid-19, Ribuan Gajah Thailand Pulang Kampung Ratusan Kilometer",1
FH UGM Dukung Diskusi Pemberhentian Presiden: Wujud Kebebasan Berpendapat,0
Donald Trump Umumkan 'Perceraian' Amerika Serikat dengan WHO,0
"Pandemi Reda, Beijing Kembali Berlakukan Pembatasan Kendaraan Bermotor",0
Viral Keluarga Pasien Diseret Petugas Covid-19 dari Kamar Jenazah,2
"Heboh Jejak Digital Iman Brotoseno, Cuitan Lama Viral Lagi",2
ATM Beras Gratis Jadi Solusi Pangan Warga di Tengah Pandemi Covid-19,0
Respek! Tenaga Medis Indonesia Banjir Dukungan dari Malaysia,0
"Eksklusif, Sevo: Dunia Itu Gede, Jangan Punya Mindset Kecil (Part 3-Habis)",0
"Sedih, Ayah Serahkan Anak ke Petugas PSBB karena Tak Mampu Beli Susu",1
"LIVE STREAMING: Update Covid-19 Jumat, 29 Mei 2020",0
Ilmuwan AS Ciptakan Drone yang Terbang Layaknya Burung Merpati,0
Baleg DPR Serap Masukan Pakar Ekonomi dalam Bahas RUU Cipta Kerja,0
Aldi Taher Rayakan Idul Fitri Bersama Keluarga Pakai Video Call,0
"Patung Didi Kempot, Tanda Cinta Penggemar Sang Maestro",0
"Al Ghazali Unggah Foto Ini, Tanggapi Tantangan Jerinx SID ke Ahmad Dhani",2
"Nikita Mirzani Tak Setuju Ferdian Paleka Dipenjara, Ini Alasannya",2
"Rosi Ungkap Satu Lagu yang Bikin Didi Kempot 'Bertekuk lutut', Apa Itu?",2
"Erwin Prasetya Eks Dewa 19, Semasa Hidupnya Sibuk dengan Dunia Musik",0
"Sosialisasi Beleid Setengah Hati, Bisnis Penerbangan Kian Lesu",0
Mati Surinya Mal dan Buah Simalakama New Normal,0
"Ungkap Rindu ke Kaesang, Felicia Tissue: Kamu Matahariku",0
"Sapaan BCL untuk Ashraf Sinclair: Hei Kamu, Aku Rindu",0
"Ungkap Adiknya Positif Corona, Via Vallen Dijauhi Tetangga",0
"Isu Dugaan Konspirasi Covid-19, Ini kata Peneliti",2
"Banyak Khasiat Senam Kegel untuk Pria, Bisa Bantu Orgasme",0
"Isu Jamur di Mal yang Tutup Sangat Mematikan, Benarkah?",2
Detail Dokumen yang Diperlukan Buat Surat Izin Keluar Masuk SIKM,1
"5 Hal Penting Soal Surat Izin Keluar Masuk atau SIKM, Ada Format Suratnya",2
Cara Menentukan Destinasi Wisata yang Siap Buka di New Normal,1
Kesulitan yang Dialami Tunanetra Saat Physical Distancing,0
"Rawinala, Sekolah Tertua di Indonesia Bagi Anak Multi-Disabilitas",0
Syarat dan Fase Menghadapi New Normal,1
Membandingkan Herd Immunity di Swedia dan PSBB di Indonesia,0
Fatwa MUI: Panduan Salat Idul Fitri di Rumah Saat Wabah Covid-19,0
Indonesia Tidak Percaya Covid-19 Akan Membaik,0
(Covid-19) Tingkat Kepercayaan Terhadap Media Selama Pandemi,0
Apakah Bekerja Dari Rumah Dianggap Sebagai Hak Istimewa Di AS?,2
Strategi Mempertahankan Bisnis di Tengah Pandemi Covid-19,0
Kiat Memilih Aplikasi HR yang Aman dan Terjamin untuk WFH,1
Ramadhan Festival Di Rumah Bersama  ALL - Accor Live Limitless,0
[Fakta atau Hoaks] Benarkah Gibran Salahkan Rakyat yang Tak Patuhi Aturan Pemerintah Atas Merebaknya Covid-19?,2
[Fakta atau Hoaks] Benarkah Ini Video Serangan Serangga Beracun di India Saat Pandemi Covid-19?,2
[Fakta atau Hoaks] Benarkah Ratusan Pekerja Pabrik Rokok Sampoerna Positif Corona?,2
Future Force Fest 2020 Bantu UKM Bertransformasi Secara Pro Bono,0
"Indonesia Online Fest 2020 Akan Digelar 15-17 Mei 2020, Simak Para Bintangnya",2
ACT Semarakkan Malam Kemenangan Idul Fitri 2020 dengan Muhasabah Akbar,0
Jokowi Minta Sejumlah Proyek Strategis Tetap Jalan Meski Wabah,0
Pelindo 3 Jemput Bola Rapid Test Covid-19 di Zona Merah dan Sediakan 50 Ribu Alat Tes,0
Bersama Melawan Corona tanpa Negara,0
Bagaimana Penerapan New Normal di DKI? Polisi: Mirip Seperti PSBB,0
"Pekan Kedua Mei, BI Catat Modal Asing di SBN Rp 6,15 Triliun",0
"Virus Corona, Singapura Pertimbangkan Longgarkan Aturan",0
Ini yang Mau Dipantau Posko TNI-Polisi dalam New Normal di Jakpus,2
Fachrul Razi Mengaku Dikomplain Karena Rumah Ibadah Masih Ditutup,0
Polisi Bersiap Gelar Perkara Kasus THR Rektor UNJ,0
KLHK Tangkap Pelaku Penjual Kantong Semar Endemik ke Taiwan,0
Ditemukan 600 Makam Kuno Berusia Ribuan Tahun di Cina,0
"Agnez Mo Soroti Kematian George Floyd, Gaungkan #JusticeForFloyd",0
Kementerian Pendidikan Minta Pendaftaran Sekolah Digelar Online,0
Nissan Resmi Tutup Pabrik di Indonesia,0
"Hamil Anak Kelima, Zaskia Adya Mecca Nyaris Gugurkan Kandungan",0
Wahyu Setiawan Sembunyikan Uang Gratifikasi di Rekening Sepupu,0
Remaja 13 Tahun Lulus dengan Empat Gelar Sarjana,0
PP Muhammadiyah Minta Pemerintah Tak Buru-Buru Buka Rumah Ibadah,0
Menteri Tjahjo Perpanjang WFH untuk PNS Sampai 4 Juni,0
Anies Baswedan Tunjuk Sardjono Jhony Jadi Dirut Transjakarta,0
"Di Mataram, Jadwal Masuk Sekolah Lagi 2 Juni Dibatalkan Karena ..",2
"Uji Pesawat Listrik, eCaravan Terbang di Langit Washington",0
Studi Fosil: Kanibalisme Terjadi di Antara Sepupu T-Rex,0
"Facebook Luncurkan Collab, Aplikasi Video Mirip TikTok",0
"Produk Indonesia Antre Sertifikasi WHO, Kenali Level Baju Hazmat",1
Menristek Umumkan 500 Peneliti Terbaik di Indonesia,0
Top 3 Tekno Berita Hari Ini: Dari Roket dan Jet Sampai Virus Lab,1
Korban Meninggal Covid-19 di Amerika Tembus 100 Ribu Hari Ini,0
"92 Laga Hanya Dalam 32 Hari, Begini Jadwal Liga Inggris",2
Real Madrid Masih Jadi Klub Terkaya di Dunia,0
"Liga akan Dimulai Lagi, Mengingat Kembali Gegenpressing Liverpool",0
Achraf Hakimi Tak Mau Tinggalkan Real Madrid,0
Liverpool Butuh Kemenangan Arsenal atas City untuk Amankan Gelar,0
"Ngefans, Deddy Corbuzier Bikin Fairuz A. Rafiq Salah Tingkah",0
"Bercerai, Begini Kisah Cinta Lee Dong Gun dan Jo Yoon Hee",2
Nadin Amizah Rayakan Ulang Tahun dengan Merilis Album Perdana,0
"Tur Virtual, Mengenali Keragaman Kuliner Belitung",0
"Tur Virtual Sumba, Menilik Air Terjun Tersembunyi",0
HIS Travel: Wisata Alam Bakal Jadi Tren Usai Pandemi,0
"Ada PSBB II, Begini Cara Menikmati Kebun Raya Bogor",2
"Zouk Phuturescapes, Pesta Virtual Bersama DJ dari Rumah",0
Kasino di Las Vegas Segera Buka dengan Syarat Ketat,0
Dua Orang Terjaring Razia SIKM di Stasiun Gambir Masuk Karantina,0
12 Model Baru Nissan Bakal Diluncurkan hingga 2021,1
"Hari Lansia Nasional, Cara Sehat Fisik Mental di Tengah Pandemi",0
"Sejarah, Krakatau Steel Cetak Laba Perdana Dalam 8 Tahun Terakhir",0
Cara Unik Kanada Menerapkan Social Distancing di Ruang Terbuka,2
"Tak Punya SIKM, Lebih dari 14 Ribu Mobil Putar Balik",0
Jokowi Minta Kereta Cepat Diintegrasikan Jakarta-Bandung-Surabaya,0
3 Potret Maternity Look Dian Pelangi di Momen Lebaran,2
Ilmuwan Klaim Temukan Jenis Ganja untuk Cegah Virus Corona,0
Fosil Mammoth Berusia 10.000 Tahun Ditemukan di Meksiko,0
"Kurangi Kontak dengan Pelanggan, Restoran Ini Pakai Robot Pelayan",2
Mall di Dubai Dibuka Kembali dengan Aturan New Normal,0
Lebih dari 6.300 Kendaraan Menuju Jabodetabek Diminta Putar Balik,0
"Jelang New Normal, Wastafel Portabel Kebanjiran Pesanan",0
KJRI Jeddah Sebut Kemungkinan Ibadah Haji Tahun Ini Masih Tipis,0
"Mengenal Nadin Amizah, Penyanyi yang Baru Rilis Album Perdana",0
Wahyu Setiawan Didakwa Terima Suap Rp 600 Juta,0
Liga Denmark Jadi Laga Pertama yang Hadirkan Penonton Virtual,0
"Anak Terinfeksi Covid-19 di NTB, Tertinggi Kedua Nasional",0
Sosialisasi Aturan New Normal di Stasiun KRL,0
Polda Jabar Siapkan Polisi di Pusat Belanja dan Rumah Ibadah,0
"BPOM, Panduan Penerapan New Normal di Warung Makan",0
Ini Penyebab KMP Aksar Saputra Tabrak Dermaga di Pelabuhan Raha,0
Dampak Gelombang Tinggi di Sejumlah Daerah,0
Joko Anwar Blakblakan Soal Industri Film Saat New Normal,0
YLKI: Mall Dapat Dibuka jika Kurva Penyebaran COVID-19 Landai,0
[Fakta atau Hoaks] Benarkah Pesan Berantai Soal Virus Hanya Bisa Dikalahkan Antibodi Ini Berasal dari Dekan IPB?,2
[Fakta atau Hoaks] Benarkah Tocilizumab adalah Obat yang 90 Persen Bisa Sembuhkan Covid-19 Meski Pasien Kritis?,2
Pemprov DKI Putuskan Kalender Pendidikan Mulai 13 Juli 2020,0
[Fakta atau Hoaks] Benarkah Ini Video Gereja Italia yang Hampir Semua Jemaatnya Meninggal Akibat Covid-19 Saat Dibuka Kembali?,2
[Fakta atau Hoaks] Benarkah Campuran Air Hangat dan Garam Bisa Hilangkan Virus Corona Covid-19?,2
[Fakta atau Hoaks] Benarkah Dokter Italia Temukan Sebab Kematian Covid-19 adalah Bakteri Bukan Virus?,2
"BPOM, Panduan Penerapan New Normal di Kantor dan Tempat Kerja",0
[Fakta atau Hoaks] Benarkah Tes PCR Tak Bisa Tunjukkan Jenis Virus Corona Covid-19?,2
"New Normal, Cara Baru dalam Bekerja demi Menghindari Covid-19",0
Setelah Lockdown Dilonggarkan,0
Investor Lebih Memilih Berinvestasi Ke Perusahaan Mainan Selama Pandemi,0
"Menimbun Kalori Kue Lebaran, seperti Nastar dan Kastengel",0
[Fakta atau Hoaks] Benarkah Virus Corona Covid-19 Tidak Bahaya dan Tidak Sebabkan Kematian?,2
[Fakta atau Hoaks] Benarkah Ini Video Perayaan Pembukaan Lockdown di Arab Saudi?,2
Universitas Di Dunia Terguncang Akibat Covid-19,0
LIPI Uji Imunomodulator Bahan Herbal untuk Menangkal Covid-19,0
Produksi Emas Dunia,0
"Saat PSBB, Pergi Harus Punya Surat Izin Keluar Masuk DKI Jakarta",0
[Fakta atau Hoaks] Benarkah Ini Video dan Foto Konser yang Dihadiri Presiden Jokowi Saat Pandemi Covid-19?,2
Jumlah Orang Terbanyak Yang Tinggal Di Tempat Kumuh,0
[Fakta atau Hoaks] Benarkah Pemerintah Tak Akan Lagi Umumkan Kasus Positif Covid-19?,2
Penyajian Data ODP dan PDP Tak Lagi Menampilkan Hasil Akumulasi,0
Sektor Industri Yang Disarankan Bekerja Dari Rumah,0
Vaksin Memberantas Penyakit,0
"Apakah Anda setuju dengan diberlakukannya new normal di tengah naik turunnya kasus Covid-19 di Indonesia?									
									
Ya
Tidak
Tidak Tahu
Pilih
Hasil",2
Anda punya data atau dokumen yang penting bagi publik?  Kirimkan lewat tautan ini secara anonim,2
Pembebasan Lahan Proyek Kilang Minyak Tuban Capai 92 Persen,0
Kadin Minta Pemberlakuan New Normal Dilakukan Bertahap,0
"Masa Pandemi, Sensus Penduduk Door-to-door Tak Pakai Metode Wawancara",0
Meisya Siregar Tak Izinkan Anak Sekolah di Era New Normal,0
"Cegah Covid-19, Apakah Face Shield Lebih Efektif daripada Masker?",2
"Lepas IUD karena Kesakitan, Zaskia Adya Mecca Langsung Hamil Lagi",0
"5 Makanan Pereda Stres, Ada Sayuran Hijau dan Yogurt",2
"Nissan Tutup Pabrik Indonesia, Model Baru Diimpor dari Thailand",0
Motor Listrik Harga di Bawah Rp 15 Juta Ini Bisa Jadi Pilihan,2
"Nissan Terpuruk, Model Ini Diharapkan Akan Jadi Pendulang Uang",2
Kata Nissan Indonesia Setelah Pabriknya Ditutup,2
Warga Minneapolis Beri Penghormatan untuk George Floyd,0
Tips Mempersiapkan New Normal bagi Lansia,0
"Hari Lansia Nasional, Ini 4 Olahraga yang Aman bagi Usia Lanjut",2
"Bikin Pasangan Cemburu, Ini Cara Usil yang Biasa Dipilih Pria",2
Benarkah AC di Tempat Umum Bisa Sebarkan Virus Corona,2
Konservasi Setengah Hati,0
Apa Guna Tentara Mengurus Corona,0
Ironi Nasib Tenaga Kesehatan,0
Pemunduran Tahun Ajaran Baru,0
Tafsir Bebas Kehidupan Sigmund Freud,0
JEC Distribusikan Masker Bedah bagi Petugas Medis,0
Toyota Indonesia dan SERA Serahkan Lagi Donasi Mobilitas dan Medis ke Kemenkes,0
Grab Sepakati Skema Baru Rental Bersama TPI,0
Kemendikbud Dorong Pemda Terapkan PPDB 2020 Secara Daring,0
Atur Kesehatan Keuangan dengan Cara Ini!,2
"Cara Benar Membuang Masker Bedah, Bukan Asal Masuk Tempat Sampah",2
"Petisi Tunda Masuk Sekolah, Apakah Sekolah Mulai Masuk Juli 2020?",2
"Tips Atasi Nyeri Leher, Tengkuk, Lutut Saat Bekerja dari Rumah",0
Daftar Sepeda Motor Listrik dengan Harga di Bawah Rp 15 Juta,0
"Tak Perlu ke Bengkel, Begini Cara Membersihkan Karburator Motor",2
Ini Dealer Baru Morris Garage di Indonesia,2
Virus corona: Ratusan sekolah di Korea Selatan ditutup lagi karena lonjakan kasus,0
"George Floyd: Saya tak bisa bernapas, kata-kata terakhir pria kulit hitam yang memicu protes dan bentrok di AS, pasukan garda nasional dikerahkan",0
Dua pria yang disewa untuk fantasi seks masuk ke rumah yang salah - dan berujung ditangkap polisi,0
Ketika Hak-hak Hong Kong Tengah Dirampasù,0
Robot Buatan Denmark Bantu Test Swab Virus Corona,0
"Di Tengah Krisis Ekonomi Global, Vietnam Targetkan Pertumbuhan 5 Persen",0
Kebijakan Ganjil Genap di DKI Jakarta Bakal Diberlakukan Situasional,0
Kemendikbud Terbitkan Pedoman Belajar dari Rumah,0
"Pasca Idul Fitri, Kemenhub Awasi Perbatasan Bekasi-Karawang dan KM 47 Tol Jakarta-Cikampek",0
"Tak Punya SIKM, 1.411 Kendaraan Diminta Putar Balik di Tol Jakarta-Cikampek",0
"Matahari di Atas Ka'bah pada Kamis 28 Mei Pukul 16.18 WIB, Berikut Cara Cek Arah Kiblat",2
"Fenomena Matahari di Atas Ka'bah, Ahli Falak Tegaskan Sains Terkait Ibadah Juga Penting",0
Ruslan Buton Ditangkap,0
"Zaskia Mecca Hamil Anak Kelima, Hanung Bramantyo Sebut Sang Istri Kecentilan",0
Video Syur Mirip Syahrini,2
"Kelola Akun @danunyinyir Sampai Unggah Video Syur Mirip Syahrini, Penjaga Toko Ditangkap Polisi",0
"Antusiasme Jemaah di Bekasi Kembali Salat Jumat di Masjid, Membeludak Hingga ke Halaman",0
"Cara Mengurus SIKM Melalui Email sikm@jakarta.go.id, Wajib Dimiliki untuk Izin Keluar Masuk Jakarta",1
"Peringatan Dini Cuaca BMKG Sabtu, 30 Mei 2020: Jawa Timur Waspada Hujan Lebat Disertai Petir",0
Aisyahrani Sebut Ada Reino Barack di Balik Pembuatan Laporan Terkait Video Syur Mirip Syahrini,0
Jumlah Penumpang ASDP Turun 94 Persen Pada Hari Raya Idulfitri,0
Apa Isi Surat Pak Kades Hingga Membuat Ribuan Warga Dua Kecamatan Bersitegang dan Nyaris Bentrok?,2
"Mengenal Poseidon, Kapal Selam Nuklir Tak Berawak Milik Rusia, Dijuluki Senjata Kiamat",0
"Masyarakat Bingung, Pemudik Harus Kantongi SIKM ke Jakarta Tapi Ada 'New Normal' Aktivitas Publik",0
"Pengidap Covid-19 Terus Bertambah, PSBB di Surabaya Raya Diperpanjang",0
Kemenkominfo: Pemerintah Tidak Bisa Ikut Campur ke Dalam Sistem Platform Digital,0
"Prakiraan Cuaca BMKG 33 Kota di Indonesia Sabtu, 30 Mei 2020: Jakarta Pusat Potensi Hujan Ringan",0
"Terungkap Keseharian Penyebar Video Syur Mirip Syahrini di Kediri, Penangkapannya Buat Warga Kaget",2
Mercedes-Benz Luncurkan E-Class Facelift,0
"Sebelum Syahrii, Gisel Hingga Aura Kasih Pernah Tersandung Gosip Video Syur",0
"Resep Nasi Goreng Ikan Asin Ini Bisa Dibuat dalam 30 Menit Saja, Tapi Enaknya Gak Main-main!",2
"Ditengah Pandemi Covid-19 dan Dalam Suasana Lebaran, Kota Samarinda‚Ä¶",0
Artis Irwansyah Jadi Saksi Sidang Lanjutan Wawan,0
Bea Cukai Banyuwangi Gagalkan Puluhan Ribu Rokok Ilegal Melintas ke Pulau Bali,0
"Bikin Camilan Spesial tapi Mudah dengan Resep Kroket Jamur ini, Yuk! Pasti Disuka",2
"Berakhir Hari Ini, Berikut Cara Mengisi Sensus Penduduk Online 2020 di sensus.bps.go.id",2
"Dari Sembako Hingga Laptop, Ini Donasi Bea Cukai untuk Warga Terdampak Covid-19",2
"Mengenal Ustaz Das'ad Latif, Dulu Dihina Senior karena Selalu Pakai Baju Bekas",0
Ini Pertimbangan Kemendikbud Mulai Tahun Ajaran Baru pada 13 Juli 2020,1
Presiden Minta Kementerian Terkait Pilah Usulan 245 Proyek Strategis Nasional,0
"Ada Isu Pabrik Mau Tutup, Pekerja Nissan Di Barcelona Demo Besar-besaran",0
Pelatih Persib Sebut Keuntungan Lanjutkan Liga Bisa Siapkan Indonesia di Ajang Piala Dunia U-20 2021,0
Cerita Suka Duka Perawat Pasien Covid-19 RS Kasih Ibu Surakarta,0
Jawa Barat akan Terapkan New Normal Mulai 1 Juni 2020 untuk Wilayah Zona Biru dan Hijau Covid-19,0
Virus Corona,0
Pembagian Ratusan Paket Sembako TMP Ciamis Bikin Warga Terharu,2
Bea Cukai Maumere Pantau Geliat Ekspor Wilayah Flores di Tengah Pandemi,0
"Sosok Ruslan Buton, Pecatan TNI yang Ditangkap karena Bikin Surat Terbuka untuk Jokowi",0
"Arogan, Oknum Polisi Ngamuk Lalu Kabur Saat Akan Diperiksa di Cek Poin, Kapolda Jabar pun Minta Maaf",0
"Mahasiswi Makassar Terancam Hukuman Mati di Nunukan, Ini Kasus yang Menjeratnya",2
"5 Negara yang Miliki Tradisi Lebaran Super Unik, Pesta Gula Selama 3 Hari Penuh hingga Makan Biskuit",2
"Berpenampilan Layaknya Jemaah, Pria Berusia 29 Tahun Curi Handphone di Masjid Istiqlal",0
Tahun Ajaran Baru Dimulai Juli Dengan Situasi Pandemi,0
10 Maskapai Penerbangan di Dunia  yang Paling Terpukul karena Pandemi Virus Corona,2
Siap Nego Nih Motor Yamaha Scorpio Z Bekas!,2
"Sepeda Balap Murah dari United, Bekas Cuma Rp 5 Jutaan Nego!",2
"Promo HP Oppo A92 Bekas, Ram 8GB 128GB Cuma Rp 3 Jutaan Nego!",2
FS  Sepeda TANDEM Made In Japan Original,0
"Cegah Covid-19 Saat New Normal, Komisi VIII DPR Minta Pesantren Tak Terima Orang Luar",0
"Fakta Unik Niihau, Pulau Pribadi di Hawaii yang Terlarang Dikunjungi Turis",0
"Ramalan Zodiak Cinta Sabtu, 30 Mei 2020: Virgo Ahli Berpura-pura, Hubungan Pisces Tidak Aman",0
Penyekatan Arus Balik ke Jakarta,0
Ilustrator Buku Anak Lintang Pandu Pratiwi,0
Bos UFC Tolak Wacana Duel Kamaru Usman Kontra Conor McGregor,0
"Tahun Ajaran Baru Dipastikan Mulai Bulan Juli, Plt Dirjen Kemendikbud: Bedakan dengan KBM Tatap Muka",0
Jumlah Warga Jepang yang Memilih Jalan-jalan di Dalam Negeri Naik dari 40 Persen Menjadi 71 Persen,0
"Video Syur Mirip Syahrini Disebar dengan Libatkan Banyak Orang, Aisyahrani: Ini Konspirasi Lagi Hits",2
"Klaim Token Listrik Gratis PLN Login www.pln.co.id atau WA ke 08122123123, Simak Caranya di Sini!",2
"Ruben Onsu Beri Pesan Mendalam Jika Dirinya Tiada, Titip Hal Penting Ini ke Betrand Peto",2
Masjid Agung Al-Berkah Kota Bekasi Gelar Salat Jumat dengan Protokol Kesehatan,0
Presiden UFC: Sesuatu yang Besar akan Datang Bersama Mike Tyson,0
Fabiano Beltrame Rindukan Suasana Ruang Ganti Persib Bandung,0
POPULER SELEB: Kasus Video Syur Mirip Syahrini & Ruben Terancam Kehilangan Betrand Peto 3 Tahun Lagi,2
"HARI TERAKHIR Pengisian Sensus Penduduk Online 2020 via sensus.bps.go.id, Simak Tutorialnya Gampang!",2
"Liga Italia Resmi Dilanjutkan, Cristiano Ronaldo Bisa Jadi Pemain Langka",0
"Duel Berdarah Pengendara Motor dan Orang Stres, Sama-sama Pakai Senjata Tajam, Sama-sama Tewas",0
"Mana yang Harus Diutamakan, Puasa Syawal atau Utang Puasa Ramadhan? Berikut Penjelasannya",2
Ekspor Benih Lobster Bantu Perekonomian Nelayan di Masa Darurat Covid-19,0
Risma Akhirnya Terapkan 2 Skenario Besar Usir Corona Dari Surabaya,1
"Tanggapi Rencana New Normal, Bek Asing Persib Bandung Percaya Pemerintah Indonesia",0
"Puasa Syawal 6 Hari Punya Manfaat Bagi Tubuh, Emosi bahkan Bersihkan Jiwamu, Ini Ketentuan & Niatnya",2
"Ramalan Zodiak Hari Ini: Gemini Tingkatkan Konsentrasi, Libra Berpikir Kritis",0
"Setiap 1 Bayi Lahir Desa Ini Tanam 111 Pohon, Hasilnya Hutan Menakjubkan Ini",2
"Rapper Syuting Video Klip dengan 70 Model Seksi, Berujung Dibubarkan Polisi",1
5 Fakta Pasangan Transgender yang Punya Anak dari Rahim Suami,2
Mengenal Karakter Pengguna Tinder Indonesia Berdasarkan Zodiaknya,0
Foto: Mengintip Kehidupan Glamour Model Sebelum Jadi Tukang Petik Sayur,2
"Sempat Minder karena Payudara 34KK, Anasthasia Kini PD Jadi Model Lingerie",0
"Remehkan Corona, Walikota Ini Mabuk dan Pura-pura Mati Demi Hindari Polisi",2
"Foto: 10 Kenyataan Mengejutkan di Balik Foto Kece Selebgram, Bikin Ngakak",2
Aktor 73 Tahun Curhat Susahnya Homeschooling Anaknya yang Masih Remaja,0
"Kisah Wanita yang Mengira Sakit Ginjal, Masuk RS Malah Melahirkan",0
Tips Anak-anak Aman Jika Sekolah Lagi di Masa New Normal,1
Foto Perawat dan Anaknya Lepas Rindu Hanya Lewat Jendela Ini Bikin Terenyuh,2
Derita Siswa SMA yang Diserang Haters karena Mirip Aktor Park Bo Gum,1
Resep Beef Teriyaki Rumahan Seenak Restoran Jepang ala William Gozali,0
"Putri Monako Diam-diam Nikahi Pemain Akrobat, Nyaris Tak Dapat Warisan",0
"Rayakan Ultah, Yoona SNSD Tarikan Lagu BTS, EXO, NCT 127 dan SEVENTEEN",0
Produk Favorit FD Babes di Bulan Mei!! | FD Babes,2
"Lupakan Harga Diri, Model Cantik Alih Profesi Jadi Tukang Petik Sayur",1
"Transformasi Park Jihoon, Mantan Aktor Cilik yang Dulu Imut Sekarang Manly",2
"Siap-siap New Normal, Ini Alat Pelindung Diri untuk Dipakai Pergi ke Kantor",2
Selebgram Nekat Tato Wajahnya Demi Tampil Seperti Filter di Instagram,0
5 Bahan Aktif dalam Produk Skincare yang Ampuh Menghilangkan Jerawat,1
Curhat Istri Ingin Cerai Setelah Mertua Beli Rumah Buat Jadi Tetangganya,1
